Run,Image,SSIM,MSE
1,random_image_4.jpg,0.8222425362468146,16.7507794446686
1,random_image_5.jpg,0.8841847746050576,19.81020066889632
1,random_image_7.jpg,0.8717699181389782,18.833256406695476
1,random_image_6.jpg,0.823826665895304,28.448873177198408
1,random_image_2.jpg,0.7844953825399152,67.27158749427849
1,random_image_3.jpg,0.8528521842059538,42.51008548900623
1,random_image_1.jpg,0.9338219724340472,18.791952583688122
1,random_image_10.jpg,0.8878870790392366,36.564499350385525
1,random_image_8.jpg,0.8355484985204275,14.788502511249488
1,random_image_9.jpg,0.816407941831002,17.718855792850718
2,random_image_4.jpg,0.8222425362468146,16.7507794446686
2,random_image_5.jpg,0.8841847746050576,19.81020066889632
2,random_image_7.jpg,0.8717699181389782,18.833256406695476
2,random_image_6.jpg,0.823826665895304,28.448873177198408
2,random_image_2.jpg,0.7844953825399152,67.27158749427849
2,random_image_3.jpg,0.8528521842059538,42.51008548900623
2,random_image_1.jpg,0.9338219724340472,18.791952583688122
2,random_image_10.jpg,0.8878870790392366,36.564499350385525
2,random_image_8.jpg,0.8355484985204275,14.788502511249488
2,random_image_9.jpg,0.816407941831002,17.718855792850718
3,random_image_4.jpg,0.8222425362468146,16.7507794446686
3,random_image_5.jpg,0.8841847746050576,19.81020066889632
3,random_image_7.jpg,0.8717699181389782,18.833256406695476
3,random_image_6.jpg,0.823826665895304,28.448873177198408
3,random_image_2.jpg,0.7844953825399152,67.27158749427849
3,random_image_3.jpg,0.8528521842059538,42.51008548900623
3,random_image_1.jpg,0.9338219724340472,18.791952583688122
3,random_image_10.jpg,0.8878870790392366,36.564499350385525
3,random_image_8.jpg,0.8355484985204275,14.788502511249488
3,random_image_9.jpg,0.816407941831002,17.718855792850718
4,random_image_4.jpg,0.8222425362468146,16.7507794446686
4,random_image_5.jpg,0.8841847746050576,19.81020066889632
4,random_image_7.jpg,0.8717699181389782,18.833256406695476
4,random_image_6.jpg,0.823826665895304,28.448873177198408
4,random_image_2.jpg,0.7844953825399152,67.27158749427849
4,random_image_3.jpg,0.8528521842059538,42.51008548900623
4,random_image_1.jpg,0.9338219724340472,18.791952583688122
4,random_image_10.jpg,0.8878870790392366,36.564499350385525
4,random_image_8.jpg,0.8355484985204275,14.788502511249488
4,random_image_9.jpg,0.816407941831002,17.718855792850718
5,random_image_4.jpg,0.8222425362468146,16.7507794446686
5,random_image_5.jpg,0.8841847746050576,19.81020066889632
5,random_image_7.jpg,0.8717699181389782,18.833256406695476
5,random_image_6.jpg,0.823826665895304,28.448873177198408
5,random_image_2.jpg,0.7844953825399152,67.27158749427849
5,random_image_3.jpg,0.8528521842059538,42.51008548900623
5,random_image_1.jpg,0.9338219724340472,18.791952583688122
5,random_image_10.jpg,0.8878870790392366,36.564499350385525
5,random_image_8.jpg,0.8355484985204275,14.788502511249488
5,random_image_9.jpg,0.816407941831002,17.718855792850718
6,random_image_4.jpg,0.8222425362468146,16.7507794446686
6,random_image_5.jpg,0.8841847746050576,19.81020066889632
6,random_image_7.jpg,0.8717699181389782,18.833256406695476
6,random_image_6.jpg,0.823826665895304,28.448873177198408
6,random_image_2.jpg,0.7844953825399152,67.27158749427849
6,random_image_3.jpg,0.8528521842059538,42.51008548900623
6,random_image_1.jpg,0.9338219724340472,18.791952583688122
6,random_image_10.jpg,0.8878870790392366,36.564499350385525
6,random_image_8.jpg,0.8355484985204275,14.788502511249488
6,random_image_9.jpg,0.816407941831002,17.718855792850718
7,random_image_4.jpg,0.8222425362468146,16.7507794446686
7,random_image_5.jpg,0.8841847746050576,19.81020066889632
7,random_image_7.jpg,0.8717699181389782,18.833256406695476
7,random_image_6.jpg,0.823826665895304,28.448873177198408
7,random_image_2.jpg,0.7844953825399152,67.27158749427849
7,random_image_3.jpg,0.8528521842059538,42.51008548900623
7,random_image_1.jpg,0.9338219724340472,18.791952583688122
7,random_image_10.jpg,0.8878870790392366,36.564499350385525
7,random_image_8.jpg,0.8355484985204275,14.788502511249488
7,random_image_9.jpg,0.816407941831002,17.718855792850718
8,random_image_4.jpg,0.8222425362468146,16.7507794446686
8,random_image_5.jpg,0.8841847746050576,19.81020066889632
8,random_image_7.jpg,0.8717699181389782,18.833256406695476
8,random_image_6.jpg,0.823826665895304,28.448873177198408
8,random_image_2.jpg,0.7844953825399152,67.27158749427849
8,random_image_3.jpg,0.8528521842059538,42.51008548900623
8,random_image_1.jpg,0.9338219724340472,18.791952583688122
8,random_image_10.jpg,0.8878870790392366,36.564499350385525
8,random_image_8.jpg,0.8355484985204275,14.788502511249488
8,random_image_9.jpg,0.816407941831002,17.718855792850718
9,random_image_4.jpg,0.8222425362468146,16.7507794446686
9,random_image_5.jpg,0.8841847746050576,19.81020066889632
9,random_image_7.jpg,0.8717699181389782,18.833256406695476
9,random_image_6.jpg,0.823826665895304,28.448873177198408
9,random_image_2.jpg,0.7844953825399152,67.27158749427849
9,random_image_3.jpg,0.8528521842059538,42.51008548900623
9,random_image_1.jpg,0.9338219724340472,18.791952583688122
9,random_image_10.jpg,0.8878870790392366,36.564499350385525
9,random_image_8.jpg,0.8355484985204275,14.788502511249488
9,random_image_9.jpg,0.816407941831002,17.718855792850718
10,random_image_4.jpg,0.8222425362468146,16.7507794446686
10,random_image_5.jpg,0.8841847746050576,19.81020066889632
10,random_image_7.jpg,0.8717699181389782,18.833256406695476
10,random_image_6.jpg,0.823826665895304,28.448873177198408
10,random_image_2.jpg,0.7844953825399152,67.27158749427849
10,random_image_3.jpg,0.8528521842059538,42.51008548900623
10,random_image_1.jpg,0.9338219724340472,18.791952583688122
10,random_image_10.jpg,0.8878870790392366,36.564499350385525
10,random_image_8.jpg,0.8355484985204275,14.788502511249488
10,random_image_9.jpg,0.816407941831002,17.718855792850718
11,random_image_4.jpg,0.8222425362468146,16.7507794446686
11,random_image_5.jpg,0.8841847746050576,19.81020066889632
11,random_image_7.jpg,0.8717699181389782,18.833256406695476
11,random_image_6.jpg,0.823826665895304,28.448873177198408
11,random_image_2.jpg,0.7844953825399152,67.27158749427849
11,random_image_3.jpg,0.8528521842059538,42.51008548900623
11,random_image_1.jpg,0.9338219724340472,18.791952583688122
11,random_image_10.jpg,0.8878870790392366,36.564499350385525
11,random_image_8.jpg,0.8355484985204275,14.788502511249488
11,random_image_9.jpg,0.816407941831002,17.718855792850718
12,random_image_4.jpg,0.8222425362468146,16.7507794446686
12,random_image_5.jpg,0.8841847746050576,19.81020066889632
12,random_image_7.jpg,0.8717699181389782,18.833256406695476
12,random_image_6.jpg,0.823826665895304,28.448873177198408
12,random_image_2.jpg,0.7844953825399152,67.27158749427849
12,random_image_3.jpg,0.8528521842059538,42.51008548900623
12,random_image_1.jpg,0.9338219724340472,18.791952583688122
12,random_image_10.jpg,0.8878870790392366,36.564499350385525
12,random_image_8.jpg,0.8355484985204275,14.788502511249488
12,random_image_9.jpg,0.816407941831002,17.718855792850718
13,random_image_4.jpg,0.8222425362468146,16.7507794446686
13,random_image_5.jpg,0.8841847746050576,19.81020066889632
13,random_image_7.jpg,0.8717699181389782,18.833256406695476
13,random_image_6.jpg,0.823826665895304,28.448873177198408
13,random_image_2.jpg,0.7844953825399152,67.27158749427849
13,random_image_3.jpg,0.8528521842059538,42.51008548900623
13,random_image_1.jpg,0.9338219724340472,18.791952583688122
13,random_image_10.jpg,0.8878870790392366,36.564499350385525
13,random_image_8.jpg,0.8355484985204275,14.788502511249488
13,random_image_9.jpg,0.816407941831002,17.718855792850718
14,random_image_4.jpg,0.8222425362468146,16.7507794446686
14,random_image_5.jpg,0.8841847746050576,19.81020066889632
14,random_image_7.jpg,0.8717699181389782,18.833256406695476
14,random_image_6.jpg,0.823826665895304,28.448873177198408
14,random_image_2.jpg,0.7844953825399152,67.27158749427849
14,random_image_3.jpg,0.8528521842059538,42.51008548900623
14,random_image_1.jpg,0.9338219724340472,18.791952583688122
14,random_image_10.jpg,0.8878870790392366,36.564499350385525
14,random_image_8.jpg,0.8355484985204275,14.788502511249488
14,random_image_9.jpg,0.816407941831002,17.718855792850718
15,random_image_4.jpg,0.8222425362468146,16.7507794446686
15,random_image_5.jpg,0.8841847746050576,19.81020066889632
15,random_image_7.jpg,0.8717699181389782,18.833256406695476
15,random_image_6.jpg,0.823826665895304,28.448873177198408
15,random_image_2.jpg,0.7844953825399152,67.27158749427849
15,random_image_3.jpg,0.8528521842059538,42.51008548900623
15,random_image_1.jpg,0.9338219724340472,18.791952583688122
15,random_image_10.jpg,0.8878870790392366,36.564499350385525
15,random_image_8.jpg,0.8355484985204275,14.788502511249488
15,random_image_9.jpg,0.816407941831002,17.718855792850718
16,random_image_4.jpg,0.8222425362468146,16.7507794446686
16,random_image_5.jpg,0.8841847746050576,19.81020066889632
16,random_image_7.jpg,0.8717699181389782,18.833256406695476
16,random_image_6.jpg,0.823826665895304,28.448873177198408
16,random_image_2.jpg,0.7844953825399152,67.27158749427849
16,random_image_3.jpg,0.8528521842059538,42.51008548900623
16,random_image_1.jpg,0.9338219724340472,18.791952583688122
16,random_image_10.jpg,0.8878870790392366,36.564499350385525
16,random_image_8.jpg,0.8355484985204275,14.788502511249488
16,random_image_9.jpg,0.816407941831002,17.718855792850718
17,random_image_4.jpg,0.8222425362468146,16.7507794446686
17,random_image_5.jpg,0.8841847746050576,19.81020066889632
17,random_image_7.jpg,0.8717699181389782,18.833256406695476
17,random_image_6.jpg,0.823826665895304,28.448873177198408
17,random_image_2.jpg,0.7844953825399152,67.27158749427849
17,random_image_3.jpg,0.8528521842059538,42.51008548900623
17,random_image_1.jpg,0.9338219724340472,18.791952583688122
17,random_image_10.jpg,0.8878870790392366,36.564499350385525
17,random_image_8.jpg,0.8355484985204275,14.788502511249488
17,random_image_9.jpg,0.816407941831002,17.718855792850718
18,random_image_4.jpg,0.8222425362468146,16.7507794446686
18,random_image_5.jpg,0.8841847746050576,19.81020066889632
18,random_image_7.jpg,0.8717699181389782,18.833256406695476
18,random_image_6.jpg,0.823826665895304,28.448873177198408
18,random_image_2.jpg,0.7844953825399152,67.27158749427849
18,random_image_3.jpg,0.8528521842059538,42.51008548900623
18,random_image_1.jpg,0.9338219724340472,18.791952583688122
18,random_image_10.jpg,0.8878870790392366,36.564499350385525
18,random_image_8.jpg,0.8355484985204275,14.788502511249488
18,random_image_9.jpg,0.816407941831002,17.718855792850718
19,random_image_4.jpg,0.8222425362468146,16.7507794446686
19,random_image_5.jpg,0.8841847746050576,19.81020066889632
19,random_image_7.jpg,0.8717699181389782,18.833256406695476
19,random_image_6.jpg,0.823826665895304,28.448873177198408
19,random_image_2.jpg,0.7844953825399152,67.27158749427849
19,random_image_3.jpg,0.8528521842059538,42.51008548900623
19,random_image_1.jpg,0.9338219724340472,18.791952583688122
19,random_image_10.jpg,0.8878870790392366,36.564499350385525
19,random_image_8.jpg,0.8355484985204275,14.788502511249488
19,random_image_9.jpg,0.816407941831002,17.718855792850718
20,random_image_4.jpg,0.8222425362468146,16.7507794446686
20,random_image_5.jpg,0.8841847746050576,19.81020066889632
20,random_image_7.jpg,0.8717699181389782,18.833256406695476
20,random_image_6.jpg,0.823826665895304,28.448873177198408
20,random_image_2.jpg,0.7844953825399152,67.27158749427849
20,random_image_3.jpg,0.8528521842059538,42.51008548900623
20,random_image_1.jpg,0.9338219724340472,18.791952583688122
20,random_image_10.jpg,0.8878870790392366,36.564499350385525
20,random_image_8.jpg,0.8355484985204275,14.788502511249488
20,random_image_9.jpg,0.816407941831002,17.718855792850718
21,random_image_4.jpg,0.8222425362468146,16.7507794446686
21,random_image_5.jpg,0.8841847746050576,19.81020066889632
21,random_image_7.jpg,0.8717699181389782,18.833256406695476
21,random_image_6.jpg,0.823826665895304,28.448873177198408
21,random_image_2.jpg,0.7844953825399152,67.27158749427849
21,random_image_3.jpg,0.8528521842059538,42.51008548900623
21,random_image_1.jpg,0.9338219724340472,18.791952583688122
21,random_image_10.jpg,0.8878870790392366,36.564499350385525
21,random_image_8.jpg,0.8355484985204275,14.788502511249488
21,random_image_9.jpg,0.816407941831002,17.718855792850718
22,random_image_4.jpg,0.8222425362468146,16.7507794446686
22,random_image_5.jpg,0.8841847746050576,19.81020066889632
22,random_image_7.jpg,0.8717699181389782,18.833256406695476
22,random_image_6.jpg,0.823826665895304,28.448873177198408
22,random_image_2.jpg,0.7844953825399152,67.27158749427849
22,random_image_3.jpg,0.8528521842059538,42.51008548900623
22,random_image_1.jpg,0.9338219724340472,18.791952583688122
22,random_image_10.jpg,0.8878870790392366,36.564499350385525
22,random_image_8.jpg,0.8355484985204275,14.788502511249488
22,random_image_9.jpg,0.816407941831002,17.718855792850718
23,random_image_4.jpg,0.8222425362468146,16.7507794446686
23,random_image_5.jpg,0.8841847746050576,19.81020066889632
23,random_image_7.jpg,0.8717699181389782,18.833256406695476
23,random_image_6.jpg,0.823826665895304,28.448873177198408
23,random_image_2.jpg,0.7844953825399152,67.27158749427849
23,random_image_3.jpg,0.8528521842059538,42.51008548900623
23,random_image_1.jpg,0.9338219724340472,18.791952583688122
23,random_image_10.jpg,0.8878870790392366,36.564499350385525
23,random_image_8.jpg,0.8355484985204275,14.788502511249488
23,random_image_9.jpg,0.816407941831002,17.718855792850718
24,random_image_4.jpg,0.8222425362468146,16.7507794446686
24,random_image_5.jpg,0.8841847746050576,19.81020066889632
24,random_image_7.jpg,0.8717699181389782,18.833256406695476
24,random_image_6.jpg,0.823826665895304,28.448873177198408
24,random_image_2.jpg,0.7844953825399152,67.27158749427849
24,random_image_3.jpg,0.8528521842059538,42.51008548900623
24,random_image_1.jpg,0.9338219724340472,18.791952583688122
24,random_image_10.jpg,0.8878870790392366,36.564499350385525
24,random_image_8.jpg,0.8355484985204275,14.788502511249488
24,random_image_9.jpg,0.816407941831002,17.718855792850718
25,random_image_4.jpg,0.8222425362468146,16.7507794446686
25,random_image_5.jpg,0.8841847746050576,19.81020066889632
25,random_image_7.jpg,0.8717699181389782,18.833256406695476
25,random_image_6.jpg,0.823826665895304,28.448873177198408
25,random_image_2.jpg,0.7844953825399152,67.27158749427849
25,random_image_3.jpg,0.8528521842059538,42.51008548900623
25,random_image_1.jpg,0.9338219724340472,18.791952583688122
25,random_image_10.jpg,0.8878870790392366,36.564499350385525
25,random_image_8.jpg,0.8355484985204275,14.788502511249488
25,random_image_9.jpg,0.816407941831002,17.718855792850718
26,random_image_4.jpg,0.8222425362468146,16.7507794446686
26,random_image_5.jpg,0.8841847746050576,19.81020066889632
26,random_image_7.jpg,0.8717699181389782,18.833256406695476
26,random_image_6.jpg,0.823826665895304,28.448873177198408
26,random_image_2.jpg,0.7844953825399152,67.27158749427849
26,random_image_3.jpg,0.8528521842059538,42.51008548900623
26,random_image_1.jpg,0.9338219724340472,18.791952583688122
26,random_image_10.jpg,0.8878870790392366,36.564499350385525
26,random_image_8.jpg,0.8355484985204275,14.788502511249488
26,random_image_9.jpg,0.816407941831002,17.718855792850718
27,random_image_4.jpg,0.8222425362468146,16.7507794446686
27,random_image_5.jpg,0.8841847746050576,19.81020066889632
27,random_image_7.jpg,0.8717699181389782,18.833256406695476
27,random_image_6.jpg,0.823826665895304,28.448873177198408
27,random_image_2.jpg,0.7844953825399152,67.27158749427849
27,random_image_3.jpg,0.8528521842059538,42.51008548900623
27,random_image_1.jpg,0.9338219724340472,18.791952583688122
27,random_image_10.jpg,0.8878870790392366,36.564499350385525
27,random_image_8.jpg,0.8355484985204275,14.788502511249488
27,random_image_9.jpg,0.816407941831002,17.718855792850718
28,random_image_4.jpg,0.8222425362468146,16.7507794446686
28,random_image_5.jpg,0.8841847746050576,19.81020066889632
28,random_image_7.jpg,0.8717699181389782,18.833256406695476
28,random_image_6.jpg,0.823826665895304,28.448873177198408
28,random_image_2.jpg,0.7844953825399152,67.27158749427849
28,random_image_3.jpg,0.8528521842059538,42.51008548900623
28,random_image_1.jpg,0.9338219724340472,18.791952583688122
28,random_image_10.jpg,0.8878870790392366,36.564499350385525
28,random_image_8.jpg,0.8355484985204275,14.788502511249488
28,random_image_9.jpg,0.816407941831002,17.718855792850718
29,random_image_4.jpg,0.8222425362468146,16.7507794446686
29,random_image_5.jpg,0.8841847746050576,19.81020066889632
29,random_image_7.jpg,0.8717699181389782,18.833256406695476
29,random_image_6.jpg,0.823826665895304,28.448873177198408
29,random_image_2.jpg,0.7844953825399152,67.27158749427849
29,random_image_3.jpg,0.8528521842059538,42.51008548900623
29,random_image_1.jpg,0.9338219724340472,18.791952583688122
29,random_image_10.jpg,0.8878870790392366,36.564499350385525
29,random_image_8.jpg,0.8355484985204275,14.788502511249488
29,random_image_9.jpg,0.816407941831002,17.718855792850718
30,random_image_4.jpg,0.8222425362468146,16.7507794446686
30,random_image_5.jpg,0.8841847746050576,19.81020066889632
30,random_image_7.jpg,0.8717699181389782,18.833256406695476
30,random_image_6.jpg,0.823826665895304,28.448873177198408
30,random_image_2.jpg,0.7844953825399152,67.27158749427849
30,random_image_3.jpg,0.8528521842059538,42.51008548900623
30,random_image_1.jpg,0.9338219724340472,18.791952583688122
30,random_image_10.jpg,0.8878870790392366,36.564499350385525
30,random_image_8.jpg,0.8355484985204275,14.788502511249488
30,random_image_9.jpg,0.816407941831002,17.718855792850718
31,random_image_4.jpg,0.8222425362468146,16.7507794446686
31,random_image_5.jpg,0.8841847746050576,19.81020066889632
31,random_image_7.jpg,0.8717699181389782,18.833256406695476
31,random_image_6.jpg,0.823826665895304,28.448873177198408
31,random_image_2.jpg,0.7844953825399152,67.27158749427849
31,random_image_3.jpg,0.8528521842059538,42.51008548900623
31,random_image_1.jpg,0.9338219724340472,18.791952583688122
31,random_image_10.jpg,0.8878870790392366,36.564499350385525
31,random_image_8.jpg,0.8355484985204275,14.788502511249488
31,random_image_9.jpg,0.816407941831002,17.718855792850718
32,random_image_4.jpg,0.8222425362468146,16.7507794446686
32,random_image_5.jpg,0.8841847746050576,19.81020066889632
32,random_image_7.jpg,0.8717699181389782,18.833256406695476
32,random_image_6.jpg,0.823826665895304,28.448873177198408
32,random_image_2.jpg,0.7844953825399152,67.27158749427849
32,random_image_3.jpg,0.8528521842059538,42.51008548900623
32,random_image_1.jpg,0.9338219724340472,18.791952583688122
32,random_image_10.jpg,0.8878870790392366,36.564499350385525
32,random_image_8.jpg,0.8355484985204275,14.788502511249488
32,random_image_9.jpg,0.816407941831002,17.718855792850718
33,random_image_4.jpg,0.8222425362468146,16.7507794446686
33,random_image_5.jpg,0.8841847746050576,19.81020066889632
33,random_image_7.jpg,0.8717699181389782,18.833256406695476
33,random_image_6.jpg,0.823826665895304,28.448873177198408
33,random_image_2.jpg,0.7844953825399152,67.27158749427849
33,random_image_3.jpg,0.8528521842059538,42.51008548900623
33,random_image_1.jpg,0.9338219724340472,18.791952583688122
33,random_image_10.jpg,0.8878870790392366,36.564499350385525
33,random_image_8.jpg,0.8355484985204275,14.788502511249488
33,random_image_9.jpg,0.816407941831002,17.718855792850718
34,random_image_4.jpg,0.8222425362468146,16.7507794446686
34,random_image_5.jpg,0.8841847746050576,19.81020066889632
34,random_image_7.jpg,0.8717699181389782,18.833256406695476
34,random_image_6.jpg,0.823826665895304,28.448873177198408
34,random_image_2.jpg,0.7844953825399152,67.27158749427849
34,random_image_3.jpg,0.8528521842059538,42.51008548900623
34,random_image_1.jpg,0.9338219724340472,18.791952583688122
34,random_image_10.jpg,0.8878870790392366,36.564499350385525
34,random_image_8.jpg,0.8355484985204275,14.788502511249488
34,random_image_9.jpg,0.816407941831002,17.718855792850718
35,random_image_4.jpg,0.8222425362468146,16.7507794446686
35,random_image_5.jpg,0.8841847746050576,19.81020066889632
35,random_image_7.jpg,0.8717699181389782,18.833256406695476
35,random_image_6.jpg,0.823826665895304,28.448873177198408
35,random_image_2.jpg,0.7844953825399152,67.27158749427849
35,random_image_3.jpg,0.8528521842059538,42.51008548900623
35,random_image_1.jpg,0.9338219724340472,18.791952583688122
35,random_image_10.jpg,0.8878870790392366,36.564499350385525
35,random_image_8.jpg,0.8355484985204275,14.788502511249488
35,random_image_9.jpg,0.816407941831002,17.718855792850718
36,random_image_4.jpg,0.8222425362468146,16.7507794446686
36,random_image_5.jpg,0.8841847746050576,19.81020066889632
36,random_image_7.jpg,0.8717699181389782,18.833256406695476
36,random_image_6.jpg,0.823826665895304,28.448873177198408
36,random_image_2.jpg,0.7844953825399152,67.27158749427849
36,random_image_3.jpg,0.8528521842059538,42.51008548900623
36,random_image_1.jpg,0.9338219724340472,18.791952583688122
36,random_image_10.jpg,0.8878870790392366,36.564499350385525
36,random_image_8.jpg,0.8355484985204275,14.788502511249488
36,random_image_9.jpg,0.816407941831002,17.718855792850718
37,random_image_4.jpg,0.8222425362468146,16.7507794446686
37,random_image_5.jpg,0.8841847746050576,19.81020066889632
37,random_image_7.jpg,0.8717699181389782,18.833256406695476
37,random_image_6.jpg,0.823826665895304,28.448873177198408
37,random_image_2.jpg,0.7844953825399152,67.27158749427849
37,random_image_3.jpg,0.8528521842059538,42.51008548900623
37,random_image_1.jpg,0.9338219724340472,18.791952583688122
37,random_image_10.jpg,0.8878870790392366,36.564499350385525
37,random_image_8.jpg,0.8355484985204275,14.788502511249488
37,random_image_9.jpg,0.816407941831002,17.718855792850718
38,random_image_4.jpg,0.8222425362468146,16.7507794446686
38,random_image_5.jpg,0.8841847746050576,19.81020066889632
38,random_image_7.jpg,0.8717699181389782,18.833256406695476
38,random_image_6.jpg,0.823826665895304,28.448873177198408
38,random_image_2.jpg,0.7844953825399152,67.27158749427849
38,random_image_3.jpg,0.8528521842059538,42.51008548900623
38,random_image_1.jpg,0.9338219724340472,18.791952583688122
38,random_image_10.jpg,0.8878870790392366,36.564499350385525
38,random_image_8.jpg,0.8355484985204275,14.788502511249488
38,random_image_9.jpg,0.816407941831002,17.718855792850718
39,random_image_4.jpg,0.8222425362468146,16.7507794446686
39,random_image_5.jpg,0.8841847746050576,19.81020066889632
39,random_image_7.jpg,0.8717699181389782,18.833256406695476
39,random_image_6.jpg,0.823826665895304,28.448873177198408
39,random_image_2.jpg,0.7844953825399152,67.27158749427849
39,random_image_3.jpg,0.8528521842059538,42.51008548900623
39,random_image_1.jpg,0.9338219724340472,18.791952583688122
39,random_image_10.jpg,0.8878870790392366,36.564499350385525
39,random_image_8.jpg,0.8355484985204275,14.788502511249488
39,random_image_9.jpg,0.816407941831002,17.718855792850718
40,random_image_4.jpg,0.8222425362468146,16.7507794446686
40,random_image_5.jpg,0.8841847746050576,19.81020066889632
40,random_image_7.jpg,0.8717699181389782,18.833256406695476
40,random_image_6.jpg,0.823826665895304,28.448873177198408
40,random_image_2.jpg,0.7844953825399152,67.27158749427849
40,random_image_3.jpg,0.8528521842059538,42.51008548900623
40,random_image_1.jpg,0.9338219724340472,18.791952583688122
40,random_image_10.jpg,0.8878870790392366,36.564499350385525
40,random_image_8.jpg,0.8355484985204275,14.788502511249488
40,random_image_9.jpg,0.816407941831002,17.718855792850718
41,random_image_4.jpg,0.8222425362468146,16.7507794446686
41,random_image_5.jpg,0.8841847746050576,19.81020066889632
41,random_image_7.jpg,0.8717699181389782,18.833256406695476
41,random_image_6.jpg,0.823826665895304,28.448873177198408
41,random_image_2.jpg,0.7844953825399152,67.27158749427849
41,random_image_3.jpg,0.8528521842059538,42.51008548900623
41,random_image_1.jpg,0.9338219724340472,18.791952583688122
41,random_image_10.jpg,0.8878870790392366,36.564499350385525
41,random_image_8.jpg,0.8355484985204275,14.788502511249488
41,random_image_9.jpg,0.816407941831002,17.718855792850718
42,random_image_4.jpg,0.8222425362468146,16.7507794446686
42,random_image_5.jpg,0.8841847746050576,19.81020066889632
42,random_image_7.jpg,0.8717699181389782,18.833256406695476
42,random_image_6.jpg,0.823826665895304,28.448873177198408
42,random_image_2.jpg,0.7844953825399152,67.27158749427849
42,random_image_3.jpg,0.8528521842059538,42.51008548900623
42,random_image_1.jpg,0.9338219724340472,18.791952583688122
42,random_image_10.jpg,0.8878870790392366,36.564499350385525
42,random_image_8.jpg,0.8355484985204275,14.788502511249488
42,random_image_9.jpg,0.816407941831002,17.718855792850718
43,random_image_4.jpg,0.8222425362468146,16.7507794446686
43,random_image_5.jpg,0.8841847746050576,19.81020066889632
43,random_image_7.jpg,0.8717699181389782,18.833256406695476
43,random_image_6.jpg,0.823826665895304,28.448873177198408
43,random_image_2.jpg,0.7844953825399152,67.27158749427849
43,random_image_3.jpg,0.8528521842059538,42.51008548900623
43,random_image_1.jpg,0.9338219724340472,18.791952583688122
43,random_image_10.jpg,0.8878870790392366,36.564499350385525
43,random_image_8.jpg,0.8355484985204275,14.788502511249488
43,random_image_9.jpg,0.816407941831002,17.718855792850718
44,random_image_4.jpg,0.8222425362468146,16.7507794446686
44,random_image_5.jpg,0.8841847746050576,19.81020066889632
44,random_image_7.jpg,0.8717699181389782,18.833256406695476
44,random_image_6.jpg,0.823826665895304,28.448873177198408
44,random_image_2.jpg,0.7844953825399152,67.27158749427849
44,random_image_3.jpg,0.8528521842059538,42.51008548900623
44,random_image_1.jpg,0.9338219724340472,18.791952583688122
44,random_image_10.jpg,0.8878870790392366,36.564499350385525
44,random_image_8.jpg,0.8355484985204275,14.788502511249488
44,random_image_9.jpg,0.816407941831002,17.718855792850718
45,random_image_4.jpg,0.8222425362468146,16.7507794446686
45,random_image_5.jpg,0.8841847746050576,19.81020066889632
45,random_image_7.jpg,0.8717699181389782,18.833256406695476
45,random_image_6.jpg,0.823826665895304,28.448873177198408
45,random_image_2.jpg,0.7844953825399152,67.27158749427849
45,random_image_3.jpg,0.8528521842059538,42.51008548900623
45,random_image_1.jpg,0.9338219724340472,18.791952583688122
45,random_image_10.jpg,0.8878870790392366,36.564499350385525
45,random_image_8.jpg,0.8355484985204275,14.788502511249488
45,random_image_9.jpg,0.816407941831002,17.718855792850718
46,random_image_4.jpg,0.8222425362468146,16.7507794446686
46,random_image_5.jpg,0.8841847746050576,19.81020066889632
46,random_image_7.jpg,0.8717699181389782,18.833256406695476
46,random_image_6.jpg,0.823826665895304,28.448873177198408
46,random_image_2.jpg,0.7844953825399152,67.27158749427849
46,random_image_3.jpg,0.8528521842059538,42.51008548900623
46,random_image_1.jpg,0.9338219724340472,18.791952583688122
46,random_image_10.jpg,0.8878870790392366,36.564499350385525
46,random_image_8.jpg,0.8355484985204275,14.788502511249488
46,random_image_9.jpg,0.816407941831002,17.718855792850718
47,random_image_4.jpg,0.8222425362468146,16.7507794446686
47,random_image_5.jpg,0.8841847746050576,19.81020066889632
47,random_image_7.jpg,0.8717699181389782,18.833256406695476
47,random_image_6.jpg,0.823826665895304,28.448873177198408
47,random_image_2.jpg,0.7844953825399152,67.27158749427849
47,random_image_3.jpg,0.8528521842059538,42.51008548900623
47,random_image_1.jpg,0.9338219724340472,18.791952583688122
47,random_image_10.jpg,0.8878870790392366,36.564499350385525
47,random_image_8.jpg,0.8355484985204275,14.788502511249488
47,random_image_9.jpg,0.816407941831002,17.718855792850718
48,random_image_4.jpg,0.8222425362468146,16.7507794446686
48,random_image_5.jpg,0.8841847746050576,19.81020066889632
48,random_image_7.jpg,0.8717699181389782,18.833256406695476
48,random_image_6.jpg,0.823826665895304,28.448873177198408
48,random_image_2.jpg,0.7844953825399152,67.27158749427849
48,random_image_3.jpg,0.8528521842059538,42.51008548900623
48,random_image_1.jpg,0.9338219724340472,18.791952583688122
48,random_image_10.jpg,0.8878870790392366,36.564499350385525
48,random_image_8.jpg,0.8355484985204275,14.788502511249488
48,random_image_9.jpg,0.816407941831002,17.718855792850718
49,random_image_4.jpg,0.8222425362468146,16.7507794446686
49,random_image_5.jpg,0.8841847746050576,19.81020066889632
49,random_image_7.jpg,0.8717699181389782,18.833256406695476
49,random_image_6.jpg,0.823826665895304,28.448873177198408
49,random_image_2.jpg,0.7844953825399152,67.27158749427849
49,random_image_3.jpg,0.8528521842059538,42.51008548900623
49,random_image_1.jpg,0.9338219724340472,18.791952583688122
49,random_image_10.jpg,0.8878870790392366,36.564499350385525
49,random_image_8.jpg,0.8355484985204275,14.788502511249488
49,random_image_9.jpg,0.816407941831002,17.718855792850718
50,random_image_4.jpg,0.8222425362468146,16.7507794446686
50,random_image_5.jpg,0.8841847746050576,19.81020066889632
50,random_image_7.jpg,0.8717699181389782,18.833256406695476
50,random_image_6.jpg,0.823826665895304,28.448873177198408
50,random_image_2.jpg,0.7844953825399152,67.27158749427849
50,random_image_3.jpg,0.8528521842059538,42.51008548900623
50,random_image_1.jpg,0.9338219724340472,18.791952583688122
50,random_image_10.jpg,0.8878870790392366,36.564499350385525
50,random_image_8.jpg,0.8355484985204275,14.788502511249488
50,random_image_9.jpg,0.816407941831002,17.718855792850718
