Run,Method,Image,SSIM,MSE
1,Simple Resize,complex_image_34.jpg,0.9949919612319401,1.0937037603959385
1,Simple Resize,complex_image_20.jpg,0.9948412939833641,1.3092824928249283
1,Simple Resize,complex_image_21.jpg,0.9954741905677618,1.2792416966786715
1,Simple Resize,complex_image_35.jpg,0.9953989933948997,0.904291068307537
1,Simple Resize,complex_image_23.jpg,0.9933155474312906,1.6070842491436665
1,Simple Resize,complex_image_37.jpg,0.9901388526692276,2.89365459318725
1,Simple Resize,complex_image_36.jpg,0.9942346210951456,1.4897281187529685
1,Simple Resize,complex_image_22.jpg,0.9875025759612398,2.1517682342185656
1,Simple Resize,complex_image_26.jpg,0.9940487524091024,1.4367495793917047
1,Simple Resize,complex_image_32.jpg,0.9927602156130686,1.7619926199261993
1,Simple Resize,complex_image_33.jpg,0.9904492144550019,2.4745852053895327
1,Simple Resize,complex_image_27.jpg,0.9899689440011215,2.1910603830676285
1,Simple Resize,complex_image_19.jpg,0.9944385590734465,1.28560120546273
1,Simple Resize,complex_image_31.jpg,0.9920051837057816,1.8551569646731918
1,Simple Resize,complex_image_25.jpg,0.9926311470133647,2.1864459843045583
1,Simple Resize,complex_image_24.jpg,0.9919481189115471,1.8118124659386796
1,Simple Resize,complex_image_30.jpg,0.9952541983907222,1.2269892386422383
1,Simple Resize,complex_image_18.jpg,0.9924952680596565,1.995850162258072
1,Simple Resize,complex_image_43.jpg,0.98990399391017,3.33661316753422
1,Simple Resize,complex_image_42.jpg,0.9923574812637699,1.5801351955201035
1,Simple Resize,complex_image_40.jpg,0.9892757187774927,2.6957024331127064
1,Simple Resize,complex_image_8.jpg,0.9913007056677732,1.6842686842686843
1,Simple Resize,complex_image_9.jpg,0.9949583397667945,1.116137537332006
1,Simple Resize,complex_image_41.jpg,0.9916783239623053,2.013519187935882
1,Simple Resize,complex_image_45.jpg,0.9899513752189059,2.712948166064393
1,Simple Resize,complex_image_50.jpg,0.9896609150414961,1.8719419610717698
1,Simple Resize,complex_image_44.jpg,0.9939030579777164,1.317248555546428
1,Simple Resize,complex_image_46.jpg,0.9925079257371853,2.023102564893978
1,Simple Resize,complex_image_47.jpg,0.9935557896008967,1.6975408284259508
1,Simple Resize,complex_image_2.jpg,0.996173028879986,1.0951139817103142
1,Simple Resize,complex_image_3.jpg,0.9932102471872042,1.5926424046410597
1,Simple Resize,complex_image_49.jpg,0.9908013475658762,1.2875145558463756
1,Simple Resize,complex_image_1.jpg,0.9852942127061857,3.9903747535661283
1,Simple Resize,complex_image_48.jpg,0.9920824416153576,2.732339408729251
1,Simple Resize,complex_image_4.jpg,0.9920975942408982,2.278438482146087
1,Simple Resize,complex_image_5.jpg,0.9939768266542992,1.2507557767557043
1,Simple Resize,complex_image_7.jpg,0.9926493292533584,1.9339699516170104
1,Simple Resize,complex_image_6.jpg,0.9925190029167511,1.709825752936592
1,Simple Resize,complex_image_15.jpg,0.9918976914316664,2.40582624146638
1,Simple Resize,complex_image_29.jpg,0.9941661681405571,1.1131027636876927
1,Simple Resize,complex_image_28.jpg,0.9918644648315659,2.3018835575945324
1,Simple Resize,complex_image_14.jpg,0.9945584770539385,1.354399441340782
1,Simple Resize,complex_image_16.jpg,0.991849376642309,2.1036151010126285
1,Simple Resize,complex_image_17.jpg,0.9960291458302022,0.8754719191133254
1,Simple Resize,complex_image_13.jpg,0.9943191200876482,1.8043271212702745
1,Simple Resize,complex_image_12.jpg,0.9932986032533634,1.6233639607979635
1,Simple Resize,complex_image_38.jpg,0.9875212237367214,3.208213506115519
1,Simple Resize,complex_image_10.jpg,0.9945727981193813,1.330233480965669
1,Simple Resize,complex_image_11.jpg,0.9910119811145459,1.6810192467183345
1,Simple Resize,complex_image_39.jpg,0.9911960724101091,2.4866742900857037
2,Simple Resize,complex_image_34.jpg,0.9949919612319401,1.0937037603959385
2,Simple Resize,complex_image_20.jpg,0.9948412939833641,1.3092824928249283
2,Simple Resize,complex_image_21.jpg,0.9954741905677618,1.2792416966786715
2,Simple Resize,complex_image_35.jpg,0.9953989933948997,0.904291068307537
2,Simple Resize,complex_image_23.jpg,0.9933155474312906,1.6070842491436665
2,Simple Resize,complex_image_37.jpg,0.9901388526692276,2.89365459318725
2,Simple Resize,complex_image_36.jpg,0.9942346210951456,1.4897281187529685
2,Simple Resize,complex_image_22.jpg,0.9875025759612398,2.1517682342185656
2,Simple Resize,complex_image_26.jpg,0.9940487524091024,1.4367495793917047
2,Simple Resize,complex_image_32.jpg,0.9927602156130686,1.7619926199261993
2,Simple Resize,complex_image_33.jpg,0.9904492144550019,2.4745852053895327
2,Simple Resize,complex_image_27.jpg,0.9899689440011215,2.1910603830676285
2,Simple Resize,complex_image_19.jpg,0.9944385590734465,1.28560120546273
2,Simple Resize,complex_image_31.jpg,0.9920051837057816,1.8551569646731918
2,Simple Resize,complex_image_25.jpg,0.9926311470133647,2.1864459843045583
2,Simple Resize,complex_image_24.jpg,0.9919481189115471,1.8118124659386796
2,Simple Resize,complex_image_30.jpg,0.9952541983907222,1.2269892386422383
2,Simple Resize,complex_image_18.jpg,0.9924952680596565,1.995850162258072
2,Simple Resize,complex_image_43.jpg,0.98990399391017,3.33661316753422
2,Simple Resize,complex_image_42.jpg,0.9923574812637699,1.5801351955201035
2,Simple Resize,complex_image_40.jpg,0.9892757187774927,2.6957024331127064
2,Simple Resize,complex_image_8.jpg,0.9913007056677732,1.6842686842686843
2,Simple Resize,complex_image_9.jpg,0.9949583397667945,1.116137537332006
2,Simple Resize,complex_image_41.jpg,0.9916783239623053,2.013519187935882
2,Simple Resize,complex_image_45.jpg,0.9899513752189059,2.712948166064393
2,Simple Resize,complex_image_50.jpg,0.9896609150414961,1.8719419610717698
2,Simple Resize,complex_image_44.jpg,0.9939030579777164,1.317248555546428
2,Simple Resize,complex_image_46.jpg,0.9925079257371853,2.023102564893978
2,Simple Resize,complex_image_47.jpg,0.9935557896008967,1.6975408284259508
2,Simple Resize,complex_image_2.jpg,0.996173028879986,1.0951139817103142
2,Simple Resize,complex_image_3.jpg,0.9932102471872042,1.5926424046410597
2,Simple Resize,complex_image_49.jpg,0.9908013475658762,1.2875145558463756
2,Simple Resize,complex_image_1.jpg,0.9852942127061857,3.9903747535661283
2,Simple Resize,complex_image_48.jpg,0.9920824416153576,2.732339408729251
2,Simple Resize,complex_image_4.jpg,0.9920975942408982,2.278438482146087
2,Simple Resize,complex_image_5.jpg,0.9939768266542992,1.2507557767557043
2,Simple Resize,complex_image_7.jpg,0.9926493292533584,1.9339699516170104
2,Simple Resize,complex_image_6.jpg,0.9925190029167511,1.709825752936592
2,Simple Resize,complex_image_15.jpg,0.9918976914316664,2.40582624146638
2,Simple Resize,complex_image_29.jpg,0.9941661681405571,1.1131027636876927
2,Simple Resize,complex_image_28.jpg,0.9918644648315659,2.3018835575945324
2,Simple Resize,complex_image_14.jpg,0.9945584770539385,1.354399441340782
2,Simple Resize,complex_image_16.jpg,0.991849376642309,2.1036151010126285
2,Simple Resize,complex_image_17.jpg,0.9960291458302022,0.8754719191133254
2,Simple Resize,complex_image_13.jpg,0.9943191200876482,1.8043271212702745
2,Simple Resize,complex_image_12.jpg,0.9932986032533634,1.6233639607979635
2,Simple Resize,complex_image_38.jpg,0.9875212237367214,3.208213506115519
2,Simple Resize,complex_image_10.jpg,0.9945727981193813,1.330233480965669
2,Simple Resize,complex_image_11.jpg,0.9910119811145459,1.6810192467183345
2,Simple Resize,complex_image_39.jpg,0.9911960724101091,2.4866742900857037
3,Simple Resize,complex_image_34.jpg,0.9949919612319401,1.0937037603959385
3,Simple Resize,complex_image_20.jpg,0.9948412939833641,1.3092824928249283
3,Simple Resize,complex_image_21.jpg,0.9954741905677618,1.2792416966786715
3,Simple Resize,complex_image_35.jpg,0.9953989933948997,0.904291068307537
3,Simple Resize,complex_image_23.jpg,0.9933155474312906,1.6070842491436665
3,Simple Resize,complex_image_37.jpg,0.9901388526692276,2.89365459318725
3,Simple Resize,complex_image_36.jpg,0.9942346210951456,1.4897281187529685
3,Simple Resize,complex_image_22.jpg,0.9875025759612398,2.1517682342185656
3,Simple Resize,complex_image_26.jpg,0.9940487524091024,1.4367495793917047
3,Simple Resize,complex_image_32.jpg,0.9927602156130686,1.7619926199261993
3,Simple Resize,complex_image_33.jpg,0.9904492144550019,2.4745852053895327
3,Simple Resize,complex_image_27.jpg,0.9899689440011215,2.1910603830676285
3,Simple Resize,complex_image_19.jpg,0.9944385590734465,1.28560120546273
3,Simple Resize,complex_image_31.jpg,0.9920051837057816,1.8551569646731918
3,Simple Resize,complex_image_25.jpg,0.9926311470133647,2.1864459843045583
3,Simple Resize,complex_image_24.jpg,0.9919481189115471,1.8118124659386796
3,Simple Resize,complex_image_30.jpg,0.9952541983907222,1.2269892386422383
3,Simple Resize,complex_image_18.jpg,0.9924952680596565,1.995850162258072
3,Simple Resize,complex_image_43.jpg,0.98990399391017,3.33661316753422
3,Simple Resize,complex_image_42.jpg,0.9923574812637699,1.5801351955201035
3,Simple Resize,complex_image_40.jpg,0.9892757187774927,2.6957024331127064
3,Simple Resize,complex_image_8.jpg,0.9913007056677732,1.6842686842686843
3,Simple Resize,complex_image_9.jpg,0.9949583397667945,1.116137537332006
3,Simple Resize,complex_image_41.jpg,0.9916783239623053,2.013519187935882
3,Simple Resize,complex_image_45.jpg,0.9899513752189059,2.712948166064393
3,Simple Resize,complex_image_50.jpg,0.9896609150414961,1.8719419610717698
3,Simple Resize,complex_image_44.jpg,0.9939030579777164,1.317248555546428
3,Simple Resize,complex_image_46.jpg,0.9925079257371853,2.023102564893978
3,Simple Resize,complex_image_47.jpg,0.9935557896008967,1.6975408284259508
3,Simple Resize,complex_image_2.jpg,0.996173028879986,1.0951139817103142
3,Simple Resize,complex_image_3.jpg,0.9932102471872042,1.5926424046410597
3,Simple Resize,complex_image_49.jpg,0.9908013475658762,1.2875145558463756
3,Simple Resize,complex_image_1.jpg,0.9852942127061857,3.9903747535661283
3,Simple Resize,complex_image_48.jpg,0.9920824416153576,2.732339408729251
3,Simple Resize,complex_image_4.jpg,0.9920975942408982,2.278438482146087
3,Simple Resize,complex_image_5.jpg,0.9939768266542992,1.2507557767557043
3,Simple Resize,complex_image_7.jpg,0.9926493292533584,1.9339699516170104
3,Simple Resize,complex_image_6.jpg,0.9925190029167511,1.709825752936592
3,Simple Resize,complex_image_15.jpg,0.9918976914316664,2.40582624146638
3,Simple Resize,complex_image_29.jpg,0.9941661681405571,1.1131027636876927
3,Simple Resize,complex_image_28.jpg,0.9918644648315659,2.3018835575945324
3,Simple Resize,complex_image_14.jpg,0.9945584770539385,1.354399441340782
3,Simple Resize,complex_image_16.jpg,0.991849376642309,2.1036151010126285
3,Simple Resize,complex_image_17.jpg,0.9960291458302022,0.8754719191133254
3,Simple Resize,complex_image_13.jpg,0.9943191200876482,1.8043271212702745
3,Simple Resize,complex_image_12.jpg,0.9932986032533634,1.6233639607979635
3,Simple Resize,complex_image_38.jpg,0.9875212237367214,3.208213506115519
3,Simple Resize,complex_image_10.jpg,0.9945727981193813,1.330233480965669
3,Simple Resize,complex_image_11.jpg,0.9910119811145459,1.6810192467183345
3,Simple Resize,complex_image_39.jpg,0.9911960724101091,2.4866742900857037
4,Simple Resize,complex_image_34.jpg,0.9949919612319401,1.0937037603959385
4,Simple Resize,complex_image_20.jpg,0.9948412939833641,1.3092824928249283
4,Simple Resize,complex_image_21.jpg,0.9954741905677618,1.2792416966786715
4,Simple Resize,complex_image_35.jpg,0.9953989933948997,0.904291068307537
4,Simple Resize,complex_image_23.jpg,0.9933155474312906,1.6070842491436665
4,Simple Resize,complex_image_37.jpg,0.9901388526692276,2.89365459318725
4,Simple Resize,complex_image_36.jpg,0.9942346210951456,1.4897281187529685
4,Simple Resize,complex_image_22.jpg,0.9875025759612398,2.1517682342185656
4,Simple Resize,complex_image_26.jpg,0.9940487524091024,1.4367495793917047
4,Simple Resize,complex_image_32.jpg,0.9927602156130686,1.7619926199261993
4,Simple Resize,complex_image_33.jpg,0.9904492144550019,2.4745852053895327
4,Simple Resize,complex_image_27.jpg,0.9899689440011215,2.1910603830676285
4,Simple Resize,complex_image_19.jpg,0.9944385590734465,1.28560120546273
4,Simple Resize,complex_image_31.jpg,0.9920051837057816,1.8551569646731918
4,Simple Resize,complex_image_25.jpg,0.9926311470133647,2.1864459843045583
4,Simple Resize,complex_image_24.jpg,0.9919481189115471,1.8118124659386796
4,Simple Resize,complex_image_30.jpg,0.9952541983907222,1.2269892386422383
4,Simple Resize,complex_image_18.jpg,0.9924952680596565,1.995850162258072
4,Simple Resize,complex_image_43.jpg,0.98990399391017,3.33661316753422
4,Simple Resize,complex_image_42.jpg,0.9923574812637699,1.5801351955201035
4,Simple Resize,complex_image_40.jpg,0.9892757187774927,2.6957024331127064
4,Simple Resize,complex_image_8.jpg,0.9913007056677732,1.6842686842686843
4,Simple Resize,complex_image_9.jpg,0.9949583397667945,1.116137537332006
4,Simple Resize,complex_image_41.jpg,0.9916783239623053,2.013519187935882
4,Simple Resize,complex_image_45.jpg,0.9899513752189059,2.712948166064393
4,Simple Resize,complex_image_50.jpg,0.9896609150414961,1.8719419610717698
4,Simple Resize,complex_image_44.jpg,0.9939030579777164,1.317248555546428
4,Simple Resize,complex_image_46.jpg,0.9925079257371853,2.023102564893978
4,Simple Resize,complex_image_47.jpg,0.9935557896008967,1.6975408284259508
4,Simple Resize,complex_image_2.jpg,0.996173028879986,1.0951139817103142
4,Simple Resize,complex_image_3.jpg,0.9932102471872042,1.5926424046410597
4,Simple Resize,complex_image_49.jpg,0.9908013475658762,1.2875145558463756
4,Simple Resize,complex_image_1.jpg,0.9852942127061857,3.9903747535661283
4,Simple Resize,complex_image_48.jpg,0.9920824416153576,2.732339408729251
4,Simple Resize,complex_image_4.jpg,0.9920975942408982,2.278438482146087
4,Simple Resize,complex_image_5.jpg,0.9939768266542992,1.2507557767557043
4,Simple Resize,complex_image_7.jpg,0.9926493292533584,1.9339699516170104
4,Simple Resize,complex_image_6.jpg,0.9925190029167511,1.709825752936592
4,Simple Resize,complex_image_15.jpg,0.9918976914316664,2.40582624146638
4,Simple Resize,complex_image_29.jpg,0.9941661681405571,1.1131027636876927
4,Simple Resize,complex_image_28.jpg,0.9918644648315659,2.3018835575945324
4,Simple Resize,complex_image_14.jpg,0.9945584770539385,1.354399441340782
4,Simple Resize,complex_image_16.jpg,0.991849376642309,2.1036151010126285
4,Simple Resize,complex_image_17.jpg,0.9960291458302022,0.8754719191133254
4,Simple Resize,complex_image_13.jpg,0.9943191200876482,1.8043271212702745
4,Simple Resize,complex_image_12.jpg,0.9932986032533634,1.6233639607979635
4,Simple Resize,complex_image_38.jpg,0.9875212237367214,3.208213506115519
4,Simple Resize,complex_image_10.jpg,0.9945727981193813,1.330233480965669
4,Simple Resize,complex_image_11.jpg,0.9910119811145459,1.6810192467183345
4,Simple Resize,complex_image_39.jpg,0.9911960724101091,2.4866742900857037
5,Simple Resize,complex_image_34.jpg,0.9949919612319401,1.0937037603959385
5,Simple Resize,complex_image_20.jpg,0.9948412939833641,1.3092824928249283
5,Simple Resize,complex_image_21.jpg,0.9954741905677618,1.2792416966786715
5,Simple Resize,complex_image_35.jpg,0.9953989933948997,0.904291068307537
5,Simple Resize,complex_image_23.jpg,0.9933155474312906,1.6070842491436665
5,Simple Resize,complex_image_37.jpg,0.9901388526692276,2.89365459318725
5,Simple Resize,complex_image_36.jpg,0.9942346210951456,1.4897281187529685
5,Simple Resize,complex_image_22.jpg,0.9875025759612398,2.1517682342185656
5,Simple Resize,complex_image_26.jpg,0.9940487524091024,1.4367495793917047
5,Simple Resize,complex_image_32.jpg,0.9927602156130686,1.7619926199261993
5,Simple Resize,complex_image_33.jpg,0.9904492144550019,2.4745852053895327
5,Simple Resize,complex_image_27.jpg,0.9899689440011215,2.1910603830676285
5,Simple Resize,complex_image_19.jpg,0.9944385590734465,1.28560120546273
5,Simple Resize,complex_image_31.jpg,0.9920051837057816,1.8551569646731918
5,Simple Resize,complex_image_25.jpg,0.9926311470133647,2.1864459843045583
5,Simple Resize,complex_image_24.jpg,0.9919481189115471,1.8118124659386796
5,Simple Resize,complex_image_30.jpg,0.9952541983907222,1.2269892386422383
5,Simple Resize,complex_image_18.jpg,0.9924952680596565,1.995850162258072
5,Simple Resize,complex_image_43.jpg,0.98990399391017,3.33661316753422
5,Simple Resize,complex_image_42.jpg,0.9923574812637699,1.5801351955201035
5,Simple Resize,complex_image_40.jpg,0.9892757187774927,2.6957024331127064
5,Simple Resize,complex_image_8.jpg,0.9913007056677732,1.6842686842686843
5,Simple Resize,complex_image_9.jpg,0.9949583397667945,1.116137537332006
5,Simple Resize,complex_image_41.jpg,0.9916783239623053,2.013519187935882
5,Simple Resize,complex_image_45.jpg,0.9899513752189059,2.712948166064393
5,Simple Resize,complex_image_50.jpg,0.9896609150414961,1.8719419610717698
5,Simple Resize,complex_image_44.jpg,0.9939030579777164,1.317248555546428
5,Simple Resize,complex_image_46.jpg,0.9925079257371853,2.023102564893978
5,Simple Resize,complex_image_47.jpg,0.9935557896008967,1.6975408284259508
5,Simple Resize,complex_image_2.jpg,0.996173028879986,1.0951139817103142
5,Simple Resize,complex_image_3.jpg,0.9932102471872042,1.5926424046410597
5,Simple Resize,complex_image_49.jpg,0.9908013475658762,1.2875145558463756
5,Simple Resize,complex_image_1.jpg,0.9852942127061857,3.9903747535661283
5,Simple Resize,complex_image_48.jpg,0.9920824416153576,2.732339408729251
5,Simple Resize,complex_image_4.jpg,0.9920975942408982,2.278438482146087
5,Simple Resize,complex_image_5.jpg,0.9939768266542992,1.2507557767557043
5,Simple Resize,complex_image_7.jpg,0.9926493292533584,1.9339699516170104
5,Simple Resize,complex_image_6.jpg,0.9925190029167511,1.709825752936592
5,Simple Resize,complex_image_15.jpg,0.9918976914316664,2.40582624146638
5,Simple Resize,complex_image_29.jpg,0.9941661681405571,1.1131027636876927
5,Simple Resize,complex_image_28.jpg,0.9918644648315659,2.3018835575945324
5,Simple Resize,complex_image_14.jpg,0.9945584770539385,1.354399441340782
5,Simple Resize,complex_image_16.jpg,0.991849376642309,2.1036151010126285
5,Simple Resize,complex_image_17.jpg,0.9960291458302022,0.8754719191133254
5,Simple Resize,complex_image_13.jpg,0.9943191200876482,1.8043271212702745
5,Simple Resize,complex_image_12.jpg,0.9932986032533634,1.6233639607979635
5,Simple Resize,complex_image_38.jpg,0.9875212237367214,3.208213506115519
5,Simple Resize,complex_image_10.jpg,0.9945727981193813,1.330233480965669
5,Simple Resize,complex_image_11.jpg,0.9910119811145459,1.6810192467183345
5,Simple Resize,complex_image_39.jpg,0.9911960724101091,2.4866742900857037
1,Padding Resize,complex_image_34.jpg,0.9212990717810169,21.205490394918108
1,Padding Resize,complex_image_20.jpg,0.8268439168291313,25.502363673636737
1,Padding Resize,complex_image_21.jpg,0.8872431939652058,11.37985194077631
1,Padding Resize,complex_image_35.jpg,0.8984895611828531,23.03211769581434
1,Padding Resize,complex_image_23.jpg,0.836008922195711,19.089201954089177
1,Padding Resize,complex_image_37.jpg,0.6723560576575213,22.516518032419093
1,Padding Resize,complex_image_36.jpg,0.8274260816661578,21.063100563178853
1,Padding Resize,complex_image_22.jpg,0.9303307533692096,18.51412023100765
1,Padding Resize,complex_image_26.jpg,0.8625472790537763,35.508534066753306
1,Padding Resize,complex_image_32.jpg,0.7843736202796352,71.22341644410919
1,Padding Resize,complex_image_33.jpg,0.7963467880745339,64.7220795301688
1,Padding Resize,complex_image_27.jpg,0.894545702298777,12.858083838498194
1,Padding Resize,complex_image_19.jpg,0.8255155479887797,18.673857480735485
1,Padding Resize,complex_image_31.jpg,0.7899708419777368,39.57107705396587
1,Padding Resize,complex_image_25.jpg,0.822436520338807,29.029883655749828
1,Padding Resize,complex_image_24.jpg,0.9146957614479226,21.430970318713037
1,Padding Resize,complex_image_30.jpg,0.9149276250565416,10.301220790430976
1,Padding Resize,complex_image_18.jpg,0.9139889777828195,5.264409158826139
1,Padding Resize,complex_image_43.jpg,0.8323125639258558,22.18107287449393
1,Padding Resize,complex_image_42.jpg,0.8606840998217445,43.99558285241631
1,Padding Resize,complex_image_40.jpg,0.8580393831238927,70.72796308380721
1,Padding Resize,complex_image_8.jpg,0.8597758570979801,49.444527644527646
1,Padding Resize,complex_image_9.jpg,0.8543292867978199,45.36585949166252
1,Padding Resize,complex_image_41.jpg,0.761604820548172,44.76282542812283
1,Padding Resize,complex_image_45.jpg,0.8339873723643161,45.24101508323855
1,Padding Resize,complex_image_50.jpg,0.8052486222359235,18.892571043365578
1,Padding Resize,complex_image_44.jpg,0.78757835397685,84.76094453115729
1,Padding Resize,complex_image_46.jpg,0.800028832353494,54.80678416000494
1,Padding Resize,complex_image_47.jpg,0.8166217076059903,34.830436233920224
1,Padding Resize,complex_image_2.jpg,0.9858414854878368,1.6954234249202162
1,Padding Resize,complex_image_3.jpg,0.857910313481515,29.205181164641274
1,Padding Resize,complex_image_49.jpg,0.9730053293057427,2.222440040596122
1,Padding Resize,complex_image_1.jpg,0.8763057790061433,31.415857067629144
1,Padding Resize,complex_image_48.jpg,0.9145356032744537,8.333740054398943
1,Padding Resize,complex_image_4.jpg,0.7910373563758956,44.44199739122848
1,Padding Resize,complex_image_5.jpg,0.8643835916429156,17.42806540120407
1,Padding Resize,complex_image_7.jpg,0.8548652814241877,81.67698380051321
1,Padding Resize,complex_image_6.jpg,0.9362277623111532,6.230995458919525
1,Padding Resize,complex_image_15.jpg,0.8505123665563529,29.96613271699777
1,Padding Resize,complex_image_29.jpg,0.9150706940920784,21.460180911615815
1,Padding Resize,complex_image_28.jpg,0.8465762159674771,42.27713994056487
1,Padding Resize,complex_image_14.jpg,0.8847238324647904,7.519625814711359
1,Padding Resize,complex_image_16.jpg,0.8703876143966458,23.618642710575045
1,Padding Resize,complex_image_17.jpg,0.871879888881417,61.6050165132472
1,Padding Resize,complex_image_13.jpg,0.9080042678306101,9.761635179893954
1,Padding Resize,complex_image_12.jpg,0.8726238152742357,33.39043517279845
1,Padding Resize,complex_image_38.jpg,0.6548229293742559,19.972558123419148
1,Padding Resize,complex_image_10.jpg,0.8789875465556901,35.186193816509224
1,Padding Resize,complex_image_11.jpg,0.8751669888564251,12.053110075213773
1,Padding Resize,complex_image_39.jpg,0.7635292411517081,47.74511217980644
2,Padding Resize,complex_image_34.jpg,0.9212990717810169,21.205490394918108
2,Padding Resize,complex_image_20.jpg,0.8268439168291313,25.502363673636737
2,Padding Resize,complex_image_21.jpg,0.8872431939652058,11.37985194077631
2,Padding Resize,complex_image_35.jpg,0.8984895611828531,23.03211769581434
2,Padding Resize,complex_image_23.jpg,0.836008922195711,19.089201954089177
2,Padding Resize,complex_image_37.jpg,0.6723560576575213,22.516518032419093
2,Padding Resize,complex_image_36.jpg,0.8274260816661578,21.063100563178853
2,Padding Resize,complex_image_22.jpg,0.9303307533692096,18.51412023100765
2,Padding Resize,complex_image_26.jpg,0.8625472790537763,35.508534066753306
2,Padding Resize,complex_image_32.jpg,0.7843736202796352,71.22341644410919
2,Padding Resize,complex_image_33.jpg,0.7963467880745339,64.7220795301688
2,Padding Resize,complex_image_27.jpg,0.894545702298777,12.858083838498194
2,Padding Resize,complex_image_19.jpg,0.8255155479887797,18.673857480735485
2,Padding Resize,complex_image_31.jpg,0.7899708419777368,39.57107705396587
2,Padding Resize,complex_image_25.jpg,0.822436520338807,29.029883655749828
2,Padding Resize,complex_image_24.jpg,0.9146957614479226,21.430970318713037
2,Padding Resize,complex_image_30.jpg,0.9149276250565416,10.301220790430976
2,Padding Resize,complex_image_18.jpg,0.9139889777828195,5.264409158826139
2,Padding Resize,complex_image_43.jpg,0.8323125639258558,22.18107287449393
2,Padding Resize,complex_image_42.jpg,0.8606840998217445,43.99558285241631
2,Padding Resize,complex_image_40.jpg,0.8580393831238927,70.72796308380721
2,Padding Resize,complex_image_8.jpg,0.8597758570979801,49.444527644527646
2,Padding Resize,complex_image_9.jpg,0.8543292867978199,45.36585949166252
2,Padding Resize,complex_image_41.jpg,0.761604820548172,44.76282542812283
2,Padding Resize,complex_image_45.jpg,0.8339873723643161,45.24101508323855
2,Padding Resize,complex_image_50.jpg,0.8052486222359235,18.892571043365578
2,Padding Resize,complex_image_44.jpg,0.78757835397685,84.76094453115729
2,Padding Resize,complex_image_46.jpg,0.800028832353494,54.80678416000494
2,Padding Resize,complex_image_47.jpg,0.8166217076059903,34.830436233920224
2,Padding Resize,complex_image_2.jpg,0.9858414854878368,1.6954234249202162
2,Padding Resize,complex_image_3.jpg,0.857910313481515,29.205181164641274
2,Padding Resize,complex_image_49.jpg,0.9730053293057427,2.222440040596122
2,Padding Resize,complex_image_1.jpg,0.8763057790061433,31.415857067629144
2,Padding Resize,complex_image_48.jpg,0.9145356032744537,8.333740054398943
2,Padding Resize,complex_image_4.jpg,0.7910373563758956,44.44199739122848
2,Padding Resize,complex_image_5.jpg,0.8643835916429156,17.42806540120407
2,Padding Resize,complex_image_7.jpg,0.8548652814241877,81.67698380051321
2,Padding Resize,complex_image_6.jpg,0.9362277623111532,6.230995458919525
2,Padding Resize,complex_image_15.jpg,0.8505123665563529,29.96613271699777
2,Padding Resize,complex_image_29.jpg,0.9150706940920784,21.460180911615815
2,Padding Resize,complex_image_28.jpg,0.8465762159674771,42.27713994056487
2,Padding Resize,complex_image_14.jpg,0.8847238324647904,7.519625814711359
2,Padding Resize,complex_image_16.jpg,0.8703876143966458,23.618642710575045
2,Padding Resize,complex_image_17.jpg,0.871879888881417,61.6050165132472
2,Padding Resize,complex_image_13.jpg,0.9080042678306101,9.761635179893954
2,Padding Resize,complex_image_12.jpg,0.8726238152742357,33.39043517279845
2,Padding Resize,complex_image_38.jpg,0.6548229293742559,19.972558123419148
2,Padding Resize,complex_image_10.jpg,0.8789875465556901,35.186193816509224
2,Padding Resize,complex_image_11.jpg,0.8751669888564251,12.053110075213773
2,Padding Resize,complex_image_39.jpg,0.7635292411517081,47.74511217980644
3,Padding Resize,complex_image_34.jpg,0.9212990717810169,21.205490394918108
3,Padding Resize,complex_image_20.jpg,0.8268439168291313,25.502363673636737
3,Padding Resize,complex_image_21.jpg,0.8872431939652058,11.37985194077631
3,Padding Resize,complex_image_35.jpg,0.8984895611828531,23.03211769581434
3,Padding Resize,complex_image_23.jpg,0.836008922195711,19.089201954089177
3,Padding Resize,complex_image_37.jpg,0.6723560576575213,22.516518032419093
3,Padding Resize,complex_image_36.jpg,0.8274260816661578,21.063100563178853
3,Padding Resize,complex_image_22.jpg,0.9303307533692096,18.51412023100765
3,Padding Resize,complex_image_26.jpg,0.8625472790537763,35.508534066753306
3,Padding Resize,complex_image_32.jpg,0.7843736202796352,71.22341644410919
3,Padding Resize,complex_image_33.jpg,0.7963467880745339,64.7220795301688
3,Padding Resize,complex_image_27.jpg,0.894545702298777,12.858083838498194
3,Padding Resize,complex_image_19.jpg,0.8255155479887797,18.673857480735485
3,Padding Resize,complex_image_31.jpg,0.7899708419777368,39.57107705396587
3,Padding Resize,complex_image_25.jpg,0.822436520338807,29.029883655749828
3,Padding Resize,complex_image_24.jpg,0.9146957614479226,21.430970318713037
3,Padding Resize,complex_image_30.jpg,0.9149276250565416,10.301220790430976
3,Padding Resize,complex_image_18.jpg,0.9139889777828195,5.264409158826139
3,Padding Resize,complex_image_43.jpg,0.8323125639258558,22.18107287449393
3,Padding Resize,complex_image_42.jpg,0.8606840998217445,43.99558285241631
3,Padding Resize,complex_image_40.jpg,0.8580393831238927,70.72796308380721
3,Padding Resize,complex_image_8.jpg,0.8597758570979801,49.444527644527646
3,Padding Resize,complex_image_9.jpg,0.8543292867978199,45.36585949166252
3,Padding Resize,complex_image_41.jpg,0.761604820548172,44.76282542812283
3,Padding Resize,complex_image_45.jpg,0.8339873723643161,45.24101508323855
3,Padding Resize,complex_image_50.jpg,0.8052486222359235,18.892571043365578
3,Padding Resize,complex_image_44.jpg,0.78757835397685,84.76094453115729
3,Padding Resize,complex_image_46.jpg,0.800028832353494,54.80678416000494
3,Padding Resize,complex_image_47.jpg,0.8166217076059903,34.830436233920224
3,Padding Resize,complex_image_2.jpg,0.9858414854878368,1.6954234249202162
3,Padding Resize,complex_image_3.jpg,0.857910313481515,29.205181164641274
3,Padding Resize,complex_image_49.jpg,0.9730053293057427,2.222440040596122
3,Padding Resize,complex_image_1.jpg,0.8763057790061433,31.415857067629144
3,Padding Resize,complex_image_48.jpg,0.9145356032744537,8.333740054398943
3,Padding Resize,complex_image_4.jpg,0.7910373563758956,44.44199739122848
3,Padding Resize,complex_image_5.jpg,0.8643835916429156,17.42806540120407
3,Padding Resize,complex_image_7.jpg,0.8548652814241877,81.67698380051321
3,Padding Resize,complex_image_6.jpg,0.9362277623111532,6.230995458919525
3,Padding Resize,complex_image_15.jpg,0.8505123665563529,29.96613271699777
3,Padding Resize,complex_image_29.jpg,0.9150706940920784,21.460180911615815
3,Padding Resize,complex_image_28.jpg,0.8465762159674771,42.27713994056487
3,Padding Resize,complex_image_14.jpg,0.8847238324647904,7.519625814711359
3,Padding Resize,complex_image_16.jpg,0.8703876143966458,23.618642710575045
3,Padding Resize,complex_image_17.jpg,0.871879888881417,61.6050165132472
3,Padding Resize,complex_image_13.jpg,0.9080042678306101,9.761635179893954
3,Padding Resize,complex_image_12.jpg,0.8726238152742357,33.39043517279845
3,Padding Resize,complex_image_38.jpg,0.6548229293742559,19.972558123419148
3,Padding Resize,complex_image_10.jpg,0.8789875465556901,35.186193816509224
3,Padding Resize,complex_image_11.jpg,0.8751669888564251,12.053110075213773
3,Padding Resize,complex_image_39.jpg,0.7635292411517081,47.74511217980644
4,Padding Resize,complex_image_34.jpg,0.9212990717810169,21.205490394918108
4,Padding Resize,complex_image_20.jpg,0.8268439168291313,25.502363673636737
4,Padding Resize,complex_image_21.jpg,0.8872431939652058,11.37985194077631
4,Padding Resize,complex_image_35.jpg,0.8984895611828531,23.03211769581434
4,Padding Resize,complex_image_23.jpg,0.836008922195711,19.089201954089177
4,Padding Resize,complex_image_37.jpg,0.6723560576575213,22.516518032419093
4,Padding Resize,complex_image_36.jpg,0.8274260816661578,21.063100563178853
4,Padding Resize,complex_image_22.jpg,0.9303307533692096,18.51412023100765
4,Padding Resize,complex_image_26.jpg,0.8625472790537763,35.508534066753306
4,Padding Resize,complex_image_32.jpg,0.7843736202796352,71.22341644410919
4,Padding Resize,complex_image_33.jpg,0.7963467880745339,64.7220795301688
4,Padding Resize,complex_image_27.jpg,0.894545702298777,12.858083838498194
4,Padding Resize,complex_image_19.jpg,0.8255155479887797,18.673857480735485
4,Padding Resize,complex_image_31.jpg,0.7899708419777368,39.57107705396587
4,Padding Resize,complex_image_25.jpg,0.822436520338807,29.029883655749828
4,Padding Resize,complex_image_24.jpg,0.9146957614479226,21.430970318713037
4,Padding Resize,complex_image_30.jpg,0.9149276250565416,10.301220790430976
4,Padding Resize,complex_image_18.jpg,0.9139889777828195,5.264409158826139
4,Padding Resize,complex_image_43.jpg,0.8323125639258558,22.18107287449393
4,Padding Resize,complex_image_42.jpg,0.8606840998217445,43.99558285241631
4,Padding Resize,complex_image_40.jpg,0.8580393831238927,70.72796308380721
4,Padding Resize,complex_image_8.jpg,0.8597758570979801,49.444527644527646
4,Padding Resize,complex_image_9.jpg,0.8543292867978199,45.36585949166252
4,Padding Resize,complex_image_41.jpg,0.761604820548172,44.76282542812283
4,Padding Resize,complex_image_45.jpg,0.8339873723643161,45.24101508323855
4,Padding Resize,complex_image_50.jpg,0.8052486222359235,18.892571043365578
4,Padding Resize,complex_image_44.jpg,0.78757835397685,84.76094453115729
4,Padding Resize,complex_image_46.jpg,0.800028832353494,54.80678416000494
4,Padding Resize,complex_image_47.jpg,0.8166217076059903,34.830436233920224
4,Padding Resize,complex_image_2.jpg,0.9858414854878368,1.6954234249202162
4,Padding Resize,complex_image_3.jpg,0.857910313481515,29.205181164641274
4,Padding Resize,complex_image_49.jpg,0.9730053293057427,2.222440040596122
4,Padding Resize,complex_image_1.jpg,0.8763057790061433,31.415857067629144
4,Padding Resize,complex_image_48.jpg,0.9145356032744537,8.333740054398943
4,Padding Resize,complex_image_4.jpg,0.7910373563758956,44.44199739122848
4,Padding Resize,complex_image_5.jpg,0.8643835916429156,17.42806540120407
4,Padding Resize,complex_image_7.jpg,0.8548652814241877,81.67698380051321
4,Padding Resize,complex_image_6.jpg,0.9362277623111532,6.230995458919525
4,Padding Resize,complex_image_15.jpg,0.8505123665563529,29.96613271699777
4,Padding Resize,complex_image_29.jpg,0.9150706940920784,21.460180911615815
4,Padding Resize,complex_image_28.jpg,0.8465762159674771,42.27713994056487
4,Padding Resize,complex_image_14.jpg,0.8847238324647904,7.519625814711359
4,Padding Resize,complex_image_16.jpg,0.8703876143966458,23.618642710575045
4,Padding Resize,complex_image_17.jpg,0.871879888881417,61.6050165132472
4,Padding Resize,complex_image_13.jpg,0.9080042678306101,9.761635179893954
4,Padding Resize,complex_image_12.jpg,0.8726238152742357,33.39043517279845
4,Padding Resize,complex_image_38.jpg,0.6548229293742559,19.972558123419148
4,Padding Resize,complex_image_10.jpg,0.8789875465556901,35.186193816509224
4,Padding Resize,complex_image_11.jpg,0.8751669888564251,12.053110075213773
4,Padding Resize,complex_image_39.jpg,0.7635292411517081,47.74511217980644
5,Padding Resize,complex_image_34.jpg,0.9212990717810169,21.205490394918108
5,Padding Resize,complex_image_20.jpg,0.8268439168291313,25.502363673636737
5,Padding Resize,complex_image_21.jpg,0.8872431939652058,11.37985194077631
5,Padding Resize,complex_image_35.jpg,0.8984895611828531,23.03211769581434
5,Padding Resize,complex_image_23.jpg,0.836008922195711,19.089201954089177
5,Padding Resize,complex_image_37.jpg,0.6723560576575213,22.516518032419093
5,Padding Resize,complex_image_36.jpg,0.8274260816661578,21.063100563178853
5,Padding Resize,complex_image_22.jpg,0.9303307533692096,18.51412023100765
5,Padding Resize,complex_image_26.jpg,0.8625472790537763,35.508534066753306
5,Padding Resize,complex_image_32.jpg,0.7843736202796352,71.22341644410919
5,Padding Resize,complex_image_33.jpg,0.7963467880745339,64.7220795301688
5,Padding Resize,complex_image_27.jpg,0.894545702298777,12.858083838498194
5,Padding Resize,complex_image_19.jpg,0.8255155479887797,18.673857480735485
5,Padding Resize,complex_image_31.jpg,0.7899708419777368,39.57107705396587
5,Padding Resize,complex_image_25.jpg,0.822436520338807,29.029883655749828
5,Padding Resize,complex_image_24.jpg,0.9146957614479226,21.430970318713037
5,Padding Resize,complex_image_30.jpg,0.9149276250565416,10.301220790430976
5,Padding Resize,complex_image_18.jpg,0.9139889777828195,5.264409158826139
5,Padding Resize,complex_image_43.jpg,0.8323125639258558,22.18107287449393
5,Padding Resize,complex_image_42.jpg,0.8606840998217445,43.99558285241631
5,Padding Resize,complex_image_40.jpg,0.8580393831238927,70.72796308380721
5,Padding Resize,complex_image_8.jpg,0.8597758570979801,49.444527644527646
5,Padding Resize,complex_image_9.jpg,0.8543292867978199,45.36585949166252
5,Padding Resize,complex_image_41.jpg,0.761604820548172,44.76282542812283
5,Padding Resize,complex_image_45.jpg,0.8339873723643161,45.24101508323855
5,Padding Resize,complex_image_50.jpg,0.8052486222359235,18.892571043365578
5,Padding Resize,complex_image_44.jpg,0.78757835397685,84.76094453115729
5,Padding Resize,complex_image_46.jpg,0.800028832353494,54.80678416000494
5,Padding Resize,complex_image_47.jpg,0.8166217076059903,34.830436233920224
5,Padding Resize,complex_image_2.jpg,0.9858414854878368,1.6954234249202162
5,Padding Resize,complex_image_3.jpg,0.857910313481515,29.205181164641274
5,Padding Resize,complex_image_49.jpg,0.9730053293057427,2.222440040596122
5,Padding Resize,complex_image_1.jpg,0.8763057790061433,31.415857067629144
5,Padding Resize,complex_image_48.jpg,0.9145356032744537,8.333740054398943
5,Padding Resize,complex_image_4.jpg,0.7910373563758956,44.44199739122848
5,Padding Resize,complex_image_5.jpg,0.8643835916429156,17.42806540120407
5,Padding Resize,complex_image_7.jpg,0.8548652814241877,81.67698380051321
5,Padding Resize,complex_image_6.jpg,0.9362277623111532,6.230995458919525
5,Padding Resize,complex_image_15.jpg,0.8505123665563529,29.96613271699777
5,Padding Resize,complex_image_29.jpg,0.9150706940920784,21.460180911615815
5,Padding Resize,complex_image_28.jpg,0.8465762159674771,42.27713994056487
5,Padding Resize,complex_image_14.jpg,0.8847238324647904,7.519625814711359
5,Padding Resize,complex_image_16.jpg,0.8703876143966458,23.618642710575045
5,Padding Resize,complex_image_17.jpg,0.871879888881417,61.6050165132472
5,Padding Resize,complex_image_13.jpg,0.9080042678306101,9.761635179893954
5,Padding Resize,complex_image_12.jpg,0.8726238152742357,33.39043517279845
5,Padding Resize,complex_image_38.jpg,0.6548229293742559,19.972558123419148
5,Padding Resize,complex_image_10.jpg,0.8789875465556901,35.186193816509224
5,Padding Resize,complex_image_11.jpg,0.8751669888564251,12.053110075213773
5,Padding Resize,complex_image_39.jpg,0.7635292411517081,47.74511217980644
1,Content-Aware Resize,complex_image_34.jpg,0.9959294386987697,0.9810369789274963
1,Content-Aware Resize,complex_image_20.jpg,0.9945928245278842,1.4921832718327184
1,Content-Aware Resize,complex_image_21.jpg,0.9964282722844114,1.110594237695078
1,Content-Aware Resize,complex_image_35.jpg,0.9976336946527575,0.6108968930371118
1,Content-Aware Resize,complex_image_23.jpg,0.9956888701910452,1.3515089580443969
1,Content-Aware Resize,complex_image_37.jpg,0.9946671614828156,2.091494647176854
1,Content-Aware Resize,complex_image_36.jpg,0.9946990933113011,1.5241451842727476
1,Content-Aware Resize,complex_image_22.jpg,0.9900411855948898,1.7797645327446652
1,Content-Aware Resize,complex_image_26.jpg,0.9963199281332037,1.3428133909591884
1,Content-Aware Resize,complex_image_32.jpg,0.9964756323877949,1.1709465658192493
1,Content-Aware Resize,complex_image_33.jpg,0.9942713088402411,1.9124362547770066
1,Content-Aware Resize,complex_image_27.jpg,0.9913654461229304,1.7760953243518622
1,Content-Aware Resize,complex_image_19.jpg,0.9943927786551542,1.2218494888227664
1,Content-Aware Resize,complex_image_31.jpg,0.9908123826033761,2.253795329305796
1,Content-Aware Resize,complex_image_25.jpg,0.9927287830399537,2.228177253536245
1,Content-Aware Resize,complex_image_24.jpg,0.9927244521863126,1.5451892800193772
1,Content-Aware Resize,complex_image_30.jpg,0.9962498333718165,1.2157298894459014
1,Content-Aware Resize,complex_image_18.jpg,0.994775945155805,1.5782690915882613
1,Content-Aware Resize,complex_image_43.jpg,0.9920079118491637,2.9625771158665897
1,Content-Aware Resize,complex_image_42.jpg,0.997379528919507,0.864380448940398
1,Content-Aware Resize,complex_image_40.jpg,0.9904074728866576,2.329169385662347
1,Content-Aware Resize,complex_image_8.jpg,0.9923004293989415,1.5389506389506389
1,Content-Aware Resize,complex_image_9.jpg,0.9961839559989634,0.9514022834743654
1,Content-Aware Resize,complex_image_41.jpg,0.9960710348776134,1.2979497571840655
1,Content-Aware Resize,complex_image_45.jpg,0.987815858257672,2.887166049995921
1,Content-Aware Resize,complex_image_50.jpg,0.9951937188099531,1.1353734439834025
1,Content-Aware Resize,complex_image_44.jpg,0.9939895044602141,1.4039559316155061
1,Content-Aware Resize,complex_image_46.jpg,0.9954515523827737,1.6335303558751813
1,Content-Aware Resize,complex_image_47.jpg,0.9962382509235416,1.330558295718371
1,Content-Aware Resize,complex_image_2.jpg,0.9971724539795944,1.0665268287955252
1,Content-Aware Resize,complex_image_3.jpg,0.994173882729545,1.3947729371140678
1,Content-Aware Resize,complex_image_49.jpg,0.9936791047074878,0.912980075850649
1,Content-Aware Resize,complex_image_1.jpg,0.9925015638851403,2.667938427436377
1,Content-Aware Resize,complex_image_48.jpg,0.9940751032417414,2.45001143902997
1,Content-Aware Resize,complex_image_4.jpg,0.9909384908631824,2.4208782580385697
1,Content-Aware Resize,complex_image_5.jpg,0.9946728465381767,1.306572024274532
1,Content-Aware Resize,complex_image_7.jpg,0.9922546662910586,2.1229476405946994
1,Content-Aware Resize,complex_image_6.jpg,0.9939122213802398,1.450841014466244
1,Content-Aware Resize,complex_image_15.jpg,0.9933510051363826,2.3814578295547153
1,Content-Aware Resize,complex_image_29.jpg,0.9954267129496442,0.9501363310941522
1,Content-Aware Resize,complex_image_28.jpg,0.9920581332604023,2.2840451360150085
1,Content-Aware Resize,complex_image_14.jpg,0.9954136609268901,1.435623254189944
1,Content-Aware Resize,complex_image_16.jpg,0.993270188925421,1.7775653537527318
1,Content-Aware Resize,complex_image_17.jpg,0.9987251378924149,0.3794783947324938
1,Content-Aware Resize,complex_image_13.jpg,0.9957841631832755,1.6377173155927047
1,Content-Aware Resize,complex_image_12.jpg,0.9947164402667908,1.4763521305728078
1,Content-Aware Resize,complex_image_38.jpg,0.986554062581355,3.109323568136932
1,Content-Aware Resize,complex_image_10.jpg,0.9964634190978194,1.1946528080011605
1,Content-Aware Resize,complex_image_11.jpg,0.9912013678906256,1.5066305373638003
1,Content-Aware Resize,complex_image_39.jpg,0.9956590931700517,1.7987178312302525
2,Content-Aware Resize,complex_image_34.jpg,0.9959294386987697,0.9810369789274963
2,Content-Aware Resize,complex_image_20.jpg,0.9945928245278842,1.4921832718327184
2,Content-Aware Resize,complex_image_21.jpg,0.9964282722844114,1.110594237695078
2,Content-Aware Resize,complex_image_35.jpg,0.9976336946527575,0.6108968930371118
2,Content-Aware Resize,complex_image_23.jpg,0.9956888701910452,1.3515089580443969
2,Content-Aware Resize,complex_image_37.jpg,0.9946671614828156,2.091494647176854
2,Content-Aware Resize,complex_image_36.jpg,0.9946990933113011,1.5241451842727476
2,Content-Aware Resize,complex_image_22.jpg,0.9900411855948898,1.7797645327446652
2,Content-Aware Resize,complex_image_26.jpg,0.9963199281332037,1.3428133909591884
2,Content-Aware Resize,complex_image_32.jpg,0.9964756323877949,1.1709465658192493
2,Content-Aware Resize,complex_image_33.jpg,0.9942713088402411,1.9124362547770066
2,Content-Aware Resize,complex_image_27.jpg,0.9913654461229304,1.7760953243518622
2,Content-Aware Resize,complex_image_19.jpg,0.9943927786551542,1.2218494888227664
2,Content-Aware Resize,complex_image_31.jpg,0.9908123826033761,2.253795329305796
2,Content-Aware Resize,complex_image_25.jpg,0.9927287830399537,2.228177253536245
2,Content-Aware Resize,complex_image_24.jpg,0.9927244521863126,1.5451892800193772
2,Content-Aware Resize,complex_image_30.jpg,0.9962498333718165,1.2157298894459014
2,Content-Aware Resize,complex_image_18.jpg,0.994775945155805,1.5782690915882613
2,Content-Aware Resize,complex_image_43.jpg,0.9920079118491637,2.9625771158665897
2,Content-Aware Resize,complex_image_42.jpg,0.997379528919507,0.864380448940398
2,Content-Aware Resize,complex_image_40.jpg,0.9904074728866576,2.329169385662347
2,Content-Aware Resize,complex_image_8.jpg,0.9923004293989415,1.5389506389506389
2,Content-Aware Resize,complex_image_9.jpg,0.9961839559989634,0.9514022834743654
2,Content-Aware Resize,complex_image_41.jpg,0.9960710348776134,1.2979497571840655
2,Content-Aware Resize,complex_image_45.jpg,0.987815858257672,2.887166049995921
2,Content-Aware Resize,complex_image_50.jpg,0.9951937188099531,1.1353734439834025
2,Content-Aware Resize,complex_image_44.jpg,0.9939895044602141,1.4039559316155061
2,Content-Aware Resize,complex_image_46.jpg,0.9954515523827737,1.6335303558751813
2,Content-Aware Resize,complex_image_47.jpg,0.9962382509235416,1.330558295718371
2,Content-Aware Resize,complex_image_2.jpg,0.9971724539795944,1.0665268287955252
2,Content-Aware Resize,complex_image_3.jpg,0.994173882729545,1.3947729371140678
2,Content-Aware Resize,complex_image_49.jpg,0.9936791047074878,0.912980075850649
2,Content-Aware Resize,complex_image_1.jpg,0.9925015638851403,2.667938427436377
2,Content-Aware Resize,complex_image_48.jpg,0.9940751032417414,2.45001143902997
2,Content-Aware Resize,complex_image_4.jpg,0.9909384908631824,2.4208782580385697
2,Content-Aware Resize,complex_image_5.jpg,0.9946728465381767,1.306572024274532
2,Content-Aware Resize,complex_image_7.jpg,0.9922546662910586,2.1229476405946994
2,Content-Aware Resize,complex_image_6.jpg,0.9939122213802398,1.450841014466244
2,Content-Aware Resize,complex_image_15.jpg,0.9933510051363826,2.3814578295547153
2,Content-Aware Resize,complex_image_29.jpg,0.9954267129496442,0.9501363310941522
2,Content-Aware Resize,complex_image_28.jpg,0.9920581332604023,2.2840451360150085
2,Content-Aware Resize,complex_image_14.jpg,0.9954136609268901,1.435623254189944
2,Content-Aware Resize,complex_image_16.jpg,0.993270188925421,1.7775653537527318
2,Content-Aware Resize,complex_image_17.jpg,0.9987251378924149,0.3794783947324938
2,Content-Aware Resize,complex_image_13.jpg,0.9957841631832755,1.6377173155927047
2,Content-Aware Resize,complex_image_12.jpg,0.9947164402667908,1.4763521305728078
2,Content-Aware Resize,complex_image_38.jpg,0.986554062581355,3.109323568136932
2,Content-Aware Resize,complex_image_10.jpg,0.9964634190978194,1.1946528080011605
2,Content-Aware Resize,complex_image_11.jpg,0.9912013678906256,1.5066305373638003
2,Content-Aware Resize,complex_image_39.jpg,0.9956590931700517,1.7987178312302525
3,Content-Aware Resize,complex_image_34.jpg,0.9959294386987697,0.9810369789274963
3,Content-Aware Resize,complex_image_20.jpg,0.9945928245278842,1.4921832718327184
3,Content-Aware Resize,complex_image_21.jpg,0.9964282722844114,1.110594237695078
3,Content-Aware Resize,complex_image_35.jpg,0.9976336946527575,0.6108968930371118
3,Content-Aware Resize,complex_image_23.jpg,0.9956888701910452,1.3515089580443969
3,Content-Aware Resize,complex_image_37.jpg,0.9946671614828156,2.091494647176854
3,Content-Aware Resize,complex_image_36.jpg,0.9946990933113011,1.5241451842727476
3,Content-Aware Resize,complex_image_22.jpg,0.9900411855948898,1.7797645327446652
3,Content-Aware Resize,complex_image_26.jpg,0.9963199281332037,1.3428133909591884
3,Content-Aware Resize,complex_image_32.jpg,0.9964756323877949,1.1709465658192493
3,Content-Aware Resize,complex_image_33.jpg,0.9942713088402411,1.9124362547770066
3,Content-Aware Resize,complex_image_27.jpg,0.9913654461229304,1.7760953243518622
3,Content-Aware Resize,complex_image_19.jpg,0.9943927786551542,1.2218494888227664
3,Content-Aware Resize,complex_image_31.jpg,0.9908123826033761,2.253795329305796
3,Content-Aware Resize,complex_image_25.jpg,0.9927287830399537,2.228177253536245
3,Content-Aware Resize,complex_image_24.jpg,0.9927244521863126,1.5451892800193772
3,Content-Aware Resize,complex_image_30.jpg,0.9962498333718165,1.2157298894459014
3,Content-Aware Resize,complex_image_18.jpg,0.994775945155805,1.5782690915882613
3,Content-Aware Resize,complex_image_43.jpg,0.9920079118491637,2.9625771158665897
3,Content-Aware Resize,complex_image_42.jpg,0.997379528919507,0.864380448940398
3,Content-Aware Resize,complex_image_40.jpg,0.9904074728866576,2.329169385662347
3,Content-Aware Resize,complex_image_8.jpg,0.9923004293989415,1.5389506389506389
3,Content-Aware Resize,complex_image_9.jpg,0.9961839559989634,0.9514022834743654
3,Content-Aware Resize,complex_image_41.jpg,0.9960710348776134,1.2979497571840655
3,Content-Aware Resize,complex_image_45.jpg,0.987815858257672,2.887166049995921
3,Content-Aware Resize,complex_image_50.jpg,0.9951937188099531,1.1353734439834025
3,Content-Aware Resize,complex_image_44.jpg,0.9939895044602141,1.4039559316155061
3,Content-Aware Resize,complex_image_46.jpg,0.9954515523827737,1.6335303558751813
3,Content-Aware Resize,complex_image_47.jpg,0.9962382509235416,1.330558295718371
3,Content-Aware Resize,complex_image_2.jpg,0.9971724539795944,1.0665268287955252
3,Content-Aware Resize,complex_image_3.jpg,0.994173882729545,1.3947729371140678
3,Content-Aware Resize,complex_image_49.jpg,0.9936791047074878,0.912980075850649
3,Content-Aware Resize,complex_image_1.jpg,0.9925015638851403,2.667938427436377
3,Content-Aware Resize,complex_image_48.jpg,0.9940751032417414,2.45001143902997
3,Content-Aware Resize,complex_image_4.jpg,0.9909384908631824,2.4208782580385697
3,Content-Aware Resize,complex_image_5.jpg,0.9946728465381767,1.306572024274532
3,Content-Aware Resize,complex_image_7.jpg,0.9922546662910586,2.1229476405946994
3,Content-Aware Resize,complex_image_6.jpg,0.9939122213802398,1.450841014466244
3,Content-Aware Resize,complex_image_15.jpg,0.9933510051363826,2.3814578295547153
3,Content-Aware Resize,complex_image_29.jpg,0.9954267129496442,0.9501363310941522
3,Content-Aware Resize,complex_image_28.jpg,0.9920581332604023,2.2840451360150085
3,Content-Aware Resize,complex_image_14.jpg,0.9954136609268901,1.435623254189944
3,Content-Aware Resize,complex_image_16.jpg,0.993270188925421,1.7775653537527318
3,Content-Aware Resize,complex_image_17.jpg,0.9987251378924149,0.3794783947324938
3,Content-Aware Resize,complex_image_13.jpg,0.9957841631832755,1.6377173155927047
3,Content-Aware Resize,complex_image_12.jpg,0.9947164402667908,1.4763521305728078
3,Content-Aware Resize,complex_image_38.jpg,0.986554062581355,3.109323568136932
3,Content-Aware Resize,complex_image_10.jpg,0.9964634190978194,1.1946528080011605
3,Content-Aware Resize,complex_image_11.jpg,0.9912013678906256,1.5066305373638003
3,Content-Aware Resize,complex_image_39.jpg,0.9956590931700517,1.7987178312302525
4,Content-Aware Resize,complex_image_34.jpg,0.9959294386987697,0.9810369789274963
4,Content-Aware Resize,complex_image_20.jpg,0.9945928245278842,1.4921832718327184
4,Content-Aware Resize,complex_image_21.jpg,0.9964282722844114,1.110594237695078
4,Content-Aware Resize,complex_image_35.jpg,0.9976336946527575,0.6108968930371118
4,Content-Aware Resize,complex_image_23.jpg,0.9956888701910452,1.3515089580443969
4,Content-Aware Resize,complex_image_37.jpg,0.9946671614828156,2.091494647176854
4,Content-Aware Resize,complex_image_36.jpg,0.9946990933113011,1.5241451842727476
4,Content-Aware Resize,complex_image_22.jpg,0.9900411855948898,1.7797645327446652
4,Content-Aware Resize,complex_image_26.jpg,0.9963199281332037,1.3428133909591884
4,Content-Aware Resize,complex_image_32.jpg,0.9964756323877949,1.1709465658192493
4,Content-Aware Resize,complex_image_33.jpg,0.9942713088402411,1.9124362547770066
4,Content-Aware Resize,complex_image_27.jpg,0.9913654461229304,1.7760953243518622
4,Content-Aware Resize,complex_image_19.jpg,0.9943927786551542,1.2218494888227664
4,Content-Aware Resize,complex_image_31.jpg,0.9908123826033761,2.253795329305796
4,Content-Aware Resize,complex_image_25.jpg,0.9927287830399537,2.228177253536245
4,Content-Aware Resize,complex_image_24.jpg,0.9927244521863126,1.5451892800193772
4,Content-Aware Resize,complex_image_30.jpg,0.9962498333718165,1.2157298894459014
4,Content-Aware Resize,complex_image_18.jpg,0.994775945155805,1.5782690915882613
4,Content-Aware Resize,complex_image_43.jpg,0.9920079118491637,2.9625771158665897
4,Content-Aware Resize,complex_image_42.jpg,0.997379528919507,0.864380448940398
4,Content-Aware Resize,complex_image_40.jpg,0.9904074728866576,2.329169385662347
4,Content-Aware Resize,complex_image_8.jpg,0.9923004293989415,1.5389506389506389
4,Content-Aware Resize,complex_image_9.jpg,0.9961839559989634,0.9514022834743654
4,Content-Aware Resize,complex_image_41.jpg,0.9960710348776134,1.2979497571840655
4,Content-Aware Resize,complex_image_45.jpg,0.987815858257672,2.887166049995921
4,Content-Aware Resize,complex_image_50.jpg,0.9951937188099531,1.1353734439834025
4,Content-Aware Resize,complex_image_44.jpg,0.9939895044602141,1.4039559316155061
4,Content-Aware Resize,complex_image_46.jpg,0.9954515523827737,1.6335303558751813
4,Content-Aware Resize,complex_image_47.jpg,0.9962382509235416,1.330558295718371
4,Content-Aware Resize,complex_image_2.jpg,0.9971724539795944,1.0665268287955252
4,Content-Aware Resize,complex_image_3.jpg,0.994173882729545,1.3947729371140678
4,Content-Aware Resize,complex_image_49.jpg,0.9936791047074878,0.912980075850649
4,Content-Aware Resize,complex_image_1.jpg,0.9925015638851403,2.667938427436377
4,Content-Aware Resize,complex_image_48.jpg,0.9940751032417414,2.45001143902997
4,Content-Aware Resize,complex_image_4.jpg,0.9909384908631824,2.4208782580385697
4,Content-Aware Resize,complex_image_5.jpg,0.9946728465381767,1.306572024274532
4,Content-Aware Resize,complex_image_7.jpg,0.9922546662910586,2.1229476405946994
4,Content-Aware Resize,complex_image_6.jpg,0.9939122213802398,1.450841014466244
4,Content-Aware Resize,complex_image_15.jpg,0.9933510051363826,2.3814578295547153
4,Content-Aware Resize,complex_image_29.jpg,0.9954267129496442,0.9501363310941522
4,Content-Aware Resize,complex_image_28.jpg,0.9920581332604023,2.2840451360150085
4,Content-Aware Resize,complex_image_14.jpg,0.9954136609268901,1.435623254189944
4,Content-Aware Resize,complex_image_16.jpg,0.993270188925421,1.7775653537527318
4,Content-Aware Resize,complex_image_17.jpg,0.9987251378924149,0.3794783947324938
4,Content-Aware Resize,complex_image_13.jpg,0.9957841631832755,1.6377173155927047
4,Content-Aware Resize,complex_image_12.jpg,0.9947164402667908,1.4763521305728078
4,Content-Aware Resize,complex_image_38.jpg,0.986554062581355,3.109323568136932
4,Content-Aware Resize,complex_image_10.jpg,0.9964634190978194,1.1946528080011605
4,Content-Aware Resize,complex_image_11.jpg,0.9912013678906256,1.5066305373638003
4,Content-Aware Resize,complex_image_39.jpg,0.9956590931700517,1.7987178312302525
5,Content-Aware Resize,complex_image_34.jpg,0.9959294386987697,0.9810369789274963
5,Content-Aware Resize,complex_image_20.jpg,0.9945928245278842,1.4921832718327184
5,Content-Aware Resize,complex_image_21.jpg,0.9964282722844114,1.110594237695078
5,Content-Aware Resize,complex_image_35.jpg,0.9976336946527575,0.6108968930371118
5,Content-Aware Resize,complex_image_23.jpg,0.9956888701910452,1.3515089580443969
5,Content-Aware Resize,complex_image_37.jpg,0.9946671614828156,2.091494647176854
5,Content-Aware Resize,complex_image_36.jpg,0.9946990933113011,1.5241451842727476
5,Content-Aware Resize,complex_image_22.jpg,0.9900411855948898,1.7797645327446652
5,Content-Aware Resize,complex_image_26.jpg,0.9963199281332037,1.3428133909591884
5,Content-Aware Resize,complex_image_32.jpg,0.9964756323877949,1.1709465658192493
5,Content-Aware Resize,complex_image_33.jpg,0.9942713088402411,1.9124362547770066
5,Content-Aware Resize,complex_image_27.jpg,0.9913654461229304,1.7760953243518622
5,Content-Aware Resize,complex_image_19.jpg,0.9943927786551542,1.2218494888227664
5,Content-Aware Resize,complex_image_31.jpg,0.9908123826033761,2.253795329305796
5,Content-Aware Resize,complex_image_25.jpg,0.9927287830399537,2.228177253536245
5,Content-Aware Resize,complex_image_24.jpg,0.9927244521863126,1.5451892800193772
5,Content-Aware Resize,complex_image_30.jpg,0.9962498333718165,1.2157298894459014
5,Content-Aware Resize,complex_image_18.jpg,0.994775945155805,1.5782690915882613
5,Content-Aware Resize,complex_image_43.jpg,0.9920079118491637,2.9625771158665897
5,Content-Aware Resize,complex_image_42.jpg,0.997379528919507,0.864380448940398
5,Content-Aware Resize,complex_image_40.jpg,0.9904074728866576,2.329169385662347
5,Content-Aware Resize,complex_image_8.jpg,0.9923004293989415,1.5389506389506389
5,Content-Aware Resize,complex_image_9.jpg,0.9961839559989634,0.9514022834743654
5,Content-Aware Resize,complex_image_41.jpg,0.9960710348776134,1.2979497571840655
5,Content-Aware Resize,complex_image_45.jpg,0.987815858257672,2.887166049995921
5,Content-Aware Resize,complex_image_50.jpg,0.9951937188099531,1.1353734439834025
5,Content-Aware Resize,complex_image_44.jpg,0.9939895044602141,1.4039559316155061
5,Content-Aware Resize,complex_image_46.jpg,0.9954515523827737,1.6335303558751813
5,Content-Aware Resize,complex_image_47.jpg,0.9962382509235416,1.330558295718371
5,Content-Aware Resize,complex_image_2.jpg,0.9971724539795944,1.0665268287955252
5,Content-Aware Resize,complex_image_3.jpg,0.994173882729545,1.3947729371140678
5,Content-Aware Resize,complex_image_49.jpg,0.9936791047074878,0.912980075850649
5,Content-Aware Resize,complex_image_1.jpg,0.9925015638851403,2.667938427436377
5,Content-Aware Resize,complex_image_48.jpg,0.9940751032417414,2.45001143902997
5,Content-Aware Resize,complex_image_4.jpg,0.9909384908631824,2.4208782580385697
5,Content-Aware Resize,complex_image_5.jpg,0.9946728465381767,1.306572024274532
5,Content-Aware Resize,complex_image_7.jpg,0.9922546662910586,2.1229476405946994
5,Content-Aware Resize,complex_image_6.jpg,0.9939122213802398,1.450841014466244
5,Content-Aware Resize,complex_image_15.jpg,0.9933510051363826,2.3814578295547153
5,Content-Aware Resize,complex_image_29.jpg,0.9954267129496442,0.9501363310941522
5,Content-Aware Resize,complex_image_28.jpg,0.9920581332604023,2.2840451360150085
5,Content-Aware Resize,complex_image_14.jpg,0.9954136609268901,1.435623254189944
5,Content-Aware Resize,complex_image_16.jpg,0.993270188925421,1.7775653537527318
5,Content-Aware Resize,complex_image_17.jpg,0.9987251378924149,0.3794783947324938
5,Content-Aware Resize,complex_image_13.jpg,0.9957841631832755,1.6377173155927047
5,Content-Aware Resize,complex_image_12.jpg,0.9947164402667908,1.4763521305728078
5,Content-Aware Resize,complex_image_38.jpg,0.986554062581355,3.109323568136932
5,Content-Aware Resize,complex_image_10.jpg,0.9964634190978194,1.1946528080011605
5,Content-Aware Resize,complex_image_11.jpg,0.9912013678906256,1.5066305373638003
5,Content-Aware Resize,complex_image_39.jpg,0.9956590931700517,1.7987178312302525
