image,method,mse,psnr_db,ssim,orig_width,orig_height,pipeline,target_width,target_height
complex_image_1.jpg,simple_resize,2.1213298459041807,44.86472158584972,0.9980996948186432,731,943,preprocessing_only,1080,1080
complex_image_1.jpg,simple_resize,9.02796519727524,38.57490484660286,0.9940225207415999,731,943,instagram_standard,1080,1080
complex_image_1.jpg,simple_resize,6.769535671922472,39.82521479780632,0.9957383503413395,731,943,instagram_high_quality,1080,1080
complex_image_1.jpg,simple_resize,10.225734151708972,38.03385863103895,0.9932863878970921,731,943,instagram_low_quality,1080,1080
complex_image_1.jpg,simple_resize,9.02796519727524,38.57490484660286,0.9940225207415999,731,943,instagram_square,1080,1080
complex_image_1.jpg,simple_resize,39.4115084194915,32.174573036799295,0.9767688280431742,731,943,instagram_landscape,1080,1080
complex_image_1.jpg,padding_resize,2.1276470636591216,44.85180772497525,0.9980842867261209,731,943,preprocessing_only,1080,1080
complex_image_1.jpg,padding_resize,1568.3469822761035,16.176382082484828,0.8911814920868645,731,943,instagram_standard,1080,1080
complex_image_1.jpg,padding_resize,1563.303101210397,16.190371714467673,0.8913778797296978,731,943,instagram_high_quality,1080,1080
complex_image_1.jpg,padding_resize,1564.7026454074687,16.186485440517032,0.8912950766430578,731,943,instagram_low_quality,1080,1080
complex_image_1.jpg,padding_resize,1568.3469822761035,16.176382082484828,0.8911814920868645,731,943,instagram_square,1080,1080
complex_image_1.jpg,padding_resize,1553.6051825943823,16.217396995601675,0.8881645596355989,731,943,instagram_landscape,1080,1080
complex_image_10.jpg,simple_resize,0.6263586299491678,50.16257295371854,0.9988862430579,636,737,preprocessing_only,1080,1080
complex_image_10.jpg,simple_resize,4.357435947762617,41.73849348961427,0.9971945365724441,636,737,instagram_standard,1080,1080
complex_image_10.jpg,simple_resize,3.1024658013534387,43.21373357922074,0.9978343346324607,636,737,instagram_high_quality,1080,1080
complex_image_10.jpg,simple_resize,5.847155730780062,40.46135700053068,0.9968483168696397,636,737,instagram_low_quality,1080,1080
complex_image_10.jpg,simple_resize,4.357435947762617,41.73849348961427,0.9971945365724441,636,737,instagram_square,1080,1080
complex_image_10.jpg,simple_resize,18.29943265376946,35.50642735572277,0.9880757015170405,636,737,instagram_landscape,1080,1080
complex_image_10.jpg,padding_resize,0.6261808453444613,50.16380582301859,0.998882196812755,636,737,preprocessing_only,1080,1080
complex_image_10.jpg,padding_resize,858.8826294485264,18.79146541466897,0.9083737259816798,636,737,instagram_standard,1080,1080
complex_image_10.jpg,padding_resize,858.8296268798944,18.791733430723532,0.9083462657789765,636,737,instagram_high_quality,1080,1080
complex_image_10.jpg,padding_resize,858.8641818068036,18.79155869627429,0.9085061471109874,636,737,instagram_low_quality,1080,1080
complex_image_10.jpg,padding_resize,858.8826294485264,18.79146541466897,0.9083737259816798,636,737,instagram_square,1080,1080
complex_image_10.jpg,padding_resize,840.430400171811,18.885786074861134,0.9073934864848578,636,737,instagram_landscape,1080,1080
complex_image_11.jpg,simple_resize,0.44871497888485334,51.611097935892204,0.9987548674236922,958,730,preprocessing_only,1080,1080
complex_image_11.jpg,simple_resize,3.4225126547888007,42.78735298248943,0.9955754384149268,958,730,instagram_standard,1080,1080
complex_image_11.jpg,simple_resize,2.353001877961125,44.41458087075727,0.9969988816011832,958,730,instagram_high_quality,1080,1080
complex_image_11.jpg,simple_resize,4.5105594798905635,41.58849946715162,0.9950845088202946,958,730,instagram_low_quality,1080,1080
complex_image_11.jpg,simple_resize,3.4225126547888007,42.78735298248943,0.9955754384149268,958,730,instagram_square,1080,1080
complex_image_11.jpg,simple_resize,12.71316384019218,37.088267168954104,0.9837664277537908,958,730,instagram_landscape,1080,1080
complex_image_11.jpg,padding_resize,0.4717509842613512,51.39367545917899,0.9986697328539348,958,730,preprocessing_only,1080,1080
complex_image_11.jpg,padding_resize,406.67736008236335,22.03830365166008,0.9428041453229656,958,730,instagram_standard,1080,1080
complex_image_11.jpg,padding_resize,406.6396483350969,22.038706397541038,0.9428694434225315,958,730,instagram_high_quality,1080,1080
complex_image_11.jpg,padding_resize,407.5971606562378,22.028492108417232,0.9426998425229833,958,730,instagram_low_quality,1080,1080
complex_image_11.jpg,padding_resize,406.67736008236335,22.03830365166008,0.9428041453229656,958,730,instagram_square,1080,1080
complex_image_11.jpg,padding_resize,401.1795755045233,22.097415463686684,0.9433467737935445,958,730,instagram_landscape,1080,1080
complex_image_12.jpg,simple_resize,0.6727096849047557,49.85252680664794,0.998980251315257,778,613,preprocessing_only,1080,1080
complex_image_12.jpg,simple_resize,4.779783496954727,41.33672135428873,0.9966363521337905,778,613,instagram_standard,1080,1080
complex_image_12.jpg,simple_resize,3.3433218567708223,42.88902173359674,0.9976165243345335,778,613,instagram_high_quality,1080,1080
complex_image_12.jpg,simple_resize,6.468180846022554,40.0229820687973,0.9961418249488325,778,613,instagram_low_quality,1080,1080
complex_image_12.jpg,simple_resize,4.779783496954727,41.33672135428873,0.9966363521337905,778,613,instagram_square,1080,1080
complex_image_12.jpg,simple_resize,19.453607289084964,35.24080216363753,0.9868438716730373,778,613,instagram_landscape,1080,1080
complex_image_12.jpg,padding_resize,0.6749945133364366,49.83780118166358,0.9989658735067363,778,613,preprocessing_only,1080,1080
complex_image_12.jpg,padding_resize,1349.0802681405871,16.83042570593003,0.9170248173448688,778,613,instagram_standard,1080,1080
complex_image_12.jpg,padding_resize,1347.2052676163837,16.836465886034762,0.917360336550743,778,613,instagram_high_quality,1080,1080
complex_image_12.jpg,padding_resize,1347.748435427212,16.834715245302657,0.9170795333381399,778,613,instagram_low_quality,1080,1080
complex_image_12.jpg,padding_resize,1349.0802681405871,16.83042570593003,0.9170248173448688,778,613,instagram_square,1080,1080
complex_image_12.jpg,padding_resize,1331.3855600800143,16.887765184907867,0.9155748714519484,778,613,instagram_landscape,1080,1080
complex_image_13.jpg,simple_resize,1.1330665605261536,47.58824938188841,0.9983980710661686,537,524,preprocessing_only,1080,1080
complex_image_13.jpg,simple_resize,3.179824062622903,43.106772694198966,0.9968279435739702,537,524,instagram_standard,1080,1080
complex_image_13.jpg,simple_resize,2.416955710027909,44.29811668700524,0.9974844543374929,537,524,instagram_high_quality,1080,1080
complex_image_13.jpg,simple_resize,3.9857231533209188,42.12573231370634,0.9964442025518301,537,524,instagram_low_quality,1080,1080
complex_image_13.jpg,simple_resize,3.179824062622903,43.106772694198966,0.9968279435739702,537,524,instagram_square,1080,1080
complex_image_13.jpg,simple_resize,11.595152126837913,37.48803909971278,0.98766682431604,537,524,instagram_landscape,1080,1080
complex_image_13.jpg,padding_resize,1.133220559038291,47.58765915919714,0.9983961562876007,537,524,preprocessing_only,1080,1080
complex_image_13.jpg,padding_resize,153.387300335006,26.27290957074671,0.9303901142050212,537,524,instagram_standard,1080,1080
complex_image_13.jpg,padding_resize,153.07606104974863,26.28173082428905,0.9304590448172941,537,524,instagram_high_quality,1080,1080
complex_image_13.jpg,padding_resize,153.59750119644997,26.26696210442082,0.9304680606136299,537,524,instagram_low_quality,1080,1080
complex_image_13.jpg,padding_resize,153.387300335006,26.27290957074671,0.9303901142050212,537,524,instagram_square,1080,1080
complex_image_13.jpg,padding_resize,151.40014381091825,26.32954073179031,0.9287949271761305,537,524,instagram_landscape,1080,1080
complex_image_14.jpg,simple_resize,0.7086521861421478,49.62647229637565,0.9984332330929511,537,512,preprocessing_only,1080,1080
complex_image_14.jpg,simple_resize,3.8921343982774674,42.22892532503221,0.9972018610597754,537,512,instagram_standard,1080,1080
complex_image_14.jpg,simple_resize,2.771126726412166,43.704239739081046,0.9976653734901211,537,512,instagram_high_quality,1080,1080
complex_image_14.jpg,simple_resize,4.575134087911235,41.526765339875034,0.9968024387513208,537,512,instagram_low_quality,1080,1080
complex_image_14.jpg,simple_resize,3.8921343982774674,42.22892532503221,0.9972018610597754,537,512,instagram_square,1080,1080
complex_image_14.jpg,simple_resize,15.060084962756052,36.352529388868916,0.9905036634755052,537,512,instagram_landscape,1080,1080
complex_image_14.jpg,padding_resize,0.7114115359248914,49.60959457639875,0.998429889229009,537,512,preprocessing_only,1080,1080
complex_image_14.jpg,padding_resize,483.9652741406735,21.282661599469126,0.9157253244659804,537,512,instagram_standard,1080,1080
complex_image_14.jpg,padding_resize,483.9372393408597,21.282913181807107,0.9159603701928539,537,512,instagram_high_quality,1080,1080
complex_image_14.jpg,padding_resize,484.8145210176133,21.275047416581614,0.9155479803747046,537,512,instagram_low_quality,1080,1080
complex_image_14.jpg,padding_resize,483.9652741406735,21.282661599469126,0.9157253244659804,537,512,instagram_square,1080,1080
complex_image_14.jpg,padding_resize,470.47107168490066,21.405474361734118,0.9138105180443866,537,512,instagram_landscape,1080,1080
complex_image_15.jpg,simple_resize,0.9826974775071661,48.206605196079124,0.998506549633556,714,629,preprocessing_only,1080,1080
complex_image_15.jpg,simple_resize,5.1983199215033125,40.97217356986482,0.9959586380837829,714,629,instagram_standard,1080,1080
complex_image_15.jpg,simple_resize,3.672583606839662,42.481086695231625,0.9970420980506413,714,629,instagram_high_quality,1080,1080
complex_image_15.jpg,simple_resize,5.927946483309805,40.40176086630133,0.9954328244053945,714,629,instagram_low_quality,1080,1080
complex_image_15.jpg,simple_resize,5.1983199215033125,40.97217356986482,0.9959586380837829,714,629,instagram_square,1080,1080
complex_image_15.jpg,simple_resize,21.493225058969003,34.80778774588805,0.9835000416819605,714,629,instagram_landscape,1080,1080
complex_image_15.jpg,padding_resize,0.9884919521597723,48.18107223026849,0.9984981933526682,714,629,preprocessing_only,1080,1080
complex_image_15.jpg,padding_resize,673.5083528907059,19.847373746294753,0.8758820645355859,714,629,instagram_standard,1080,1080
complex_image_15.jpg,padding_resize,672.3025751901184,19.85515586086909,0.8760208040396775,714,629,instagram_high_quality,1080,1080
complex_image_15.jpg,padding_resize,672.3560443785358,19.8548104739708,0.8759425887210948,714,629,instagram_low_quality,1080,1080
complex_image_15.jpg,padding_resize,673.5083528907059,19.847373746294753,0.8758820645355859,714,629,instagram_square,1080,1080
complex_image_15.jpg,padding_resize,661.0024901322479,19.92877265302607,0.8734010575961967,714,629,instagram_landscape,1080,1080
complex_image_16.jpg,simple_resize,0.6797841282551758,49.80709340502695,0.9988693838688186,870,689,preprocessing_only,1080,1080
complex_image_16.jpg,simple_resize,3.6723687503127973,42.481340777217476,0.9960501033352296,870,689,instagram_standard,1080,1080
complex_image_16.jpg,simple_resize,2.544909330530671,44.07408046867691,0.9973597663819188,870,689,instagram_high_quality,1080,1080
complex_image_16.jpg,simple_resize,4.067678739246729,42.03733715359064,0.9955876255814515,870,689,instagram_low_quality,1080,1080
complex_image_16.jpg,simple_resize,3.6723687503127973,42.481340777217476,0.9960501033352296,870,689,instagram_square,1080,1080
complex_image_16.jpg,simple_resize,14.891724916448403,36.4013535564038,0.984415341064735,870,689,instagram_landscape,1080,1080
complex_image_16.jpg,padding_resize,0.6833831028365837,49.78416124531526,0.9988587785867336,870,689,preprocessing_only,1080,1080
complex_image_16.jpg,padding_resize,1143.0967285587976,17.549973790274002,0.9032833362334967,870,689,instagram_standard,1080,1080
complex_image_16.jpg,padding_resize,1143.9886531093427,17.54658644030169,0.9033351485097904,870,689,instagram_high_quality,1080,1080
complex_image_16.jpg,padding_resize,1145.2920424403183,17.541641176433636,0.9033164793649991,870,689,instagram_low_quality,1080,1080
complex_image_16.jpg,padding_resize,1143.0967285587976,17.549973790274002,0.9032833362334967,870,689,instagram_square,1080,1080
complex_image_16.jpg,padding_resize,1133.5632128299662,17.586346174218967,0.8997277982303296,870,689,instagram_landscape,1080,1080
complex_image_17.jpg,simple_resize,0.1925639143193593,55.28505455443374,0.9995445936353925,507,943,preprocessing_only,1080,1080
complex_image_17.jpg,simple_resize,2.9778812426662986,43.39172986687183,0.9980614267529578,507,943,instagram_standard,1080,1080
complex_image_17.jpg,simple_resize,2.0134343998443844,45.09142876539413,0.9986140388852864,507,943,instagram_high_quality,1080,1080
complex_image_17.jpg,simple_resize,3.848474834118035,42.27791709894305,0.9977366161096348,507,943,instagram_low_quality,1080,1080
complex_image_17.jpg,simple_resize,2.9778812426662986,43.39172986687183,0.9980614267529578,507,943,instagram_square,1080,1080
complex_image_17.jpg,simple_resize,10.785790031813361,37.8022839929296,0.992367173205425,507,943,instagram_landscape,1080,1080
complex_image_17.jpg,padding_resize,0.2050054974437061,55.01314853580673,0.9995134478513097,507,943,preprocessing_only,1080,1080
complex_image_17.jpg,padding_resize,1264.8036649159906,17.110572455230702,0.9501700075002459,507,943,instagram_standard,1080,1080
complex_image_17.jpg,padding_resize,1264.8073147724017,17.110559922770086,0.9502262238945011,507,943,instagram_high_quality,1080,1080
complex_image_17.jpg,padding_resize,1264.6418051137034,17.11112826732394,0.9500610917106138,507,943,instagram_low_quality,1080,1080
complex_image_17.jpg,padding_resize,1264.8036649159906,17.110572455230702,0.9501700075002459,507,943,instagram_square,1080,1080
complex_image_17.jpg,padding_resize,1253.8282915116263,17.148422957886726,0.9493645716477896,507,943,instagram_landscape,1080,1080
complex_image_18.jpg,simple_resize,0.5560981992077759,50.67928872148486,0.9991217663807549,844,812,preprocessing_only,1080,1080
complex_image_18.jpg,simple_resize,5.618875438719368,40.63430956264814,0.9962526271451763,844,812,instagram_standard,1080,1080
complex_image_18.jpg,simple_resize,3.978750807399279,42.133336211084035,0.9973411244941472,844,812,instagram_high_quality,1080,1080
complex_image_18.jpg,simple_resize,10.00030253153721,38.130672222889295,0.9955731681326789,844,812,instagram_low_quality,1080,1080
complex_image_18.jpg,simple_resize,5.618875438719368,40.63430956264814,0.9962526271451763,844,812,instagram_square,1080,1080
complex_image_18.jpg,simple_resize,21.344994902684068,34.83784305440123,0.9861144997942237,844,812,instagram_landscape,1080,1080
complex_image_18.jpg,padding_resize,0.5554440112374416,50.6844007227346,0.9991242747834682,844,812,preprocessing_only,1080,1080
complex_image_18.jpg,padding_resize,275.3638296796084,23.731734678017858,0.9409841090462431,844,812,instagram_standard,1080,1080
complex_image_18.jpg,padding_resize,274.7801840870357,23.74094950718963,0.9410921323882242,844,812,instagram_high_quality,1080,1080
complex_image_18.jpg,padding_resize,278.85445412026553,23.67702775033323,0.9406569443352258,844,812,instagram_low_quality,1080,1080
complex_image_18.jpg,padding_resize,275.3638296796084,23.731734678017858,0.9409841090462431,844,812,instagram_square,1080,1080
complex_image_18.jpg,padding_resize,269.9264371707173,23.818349385008002,0.9391290963873258,844,812,instagram_landscape,1080,1080
complex_image_19.jpg,simple_resize,0.5024493909107093,51.11988036775589,0.9989849139511652,816,514,preprocessing_only,1080,1080
complex_image_19.jpg,simple_resize,4.109879262989242,41.99251297188369,0.997186092932819,816,514,instagram_standard,1080,1080
complex_image_19.jpg,simple_resize,3.014529449912261,43.3386082988269,0.9978652829773165,816,514,instagram_high_quality,1080,1080
complex_image_19.jpg,simple_resize,4.850834318811831,41.27263919400902,0.9967332179004199,816,514,instagram_low_quality,1080,1080
complex_image_19.jpg,simple_resize,4.109879262989242,41.99251297188369,0.997186092932819,816,514,instagram_square,1080,1080
complex_image_19.jpg,simple_resize,15.820424359756872,36.13862232235394,0.9882699379469153,816,514,instagram_landscape,1080,1080
complex_image_19.jpg,padding_resize,0.5065160791943236,51.084871244104484,0.9989669253999182,816,514,preprocessing_only,1080,1080
complex_image_19.jpg,padding_resize,1156.9255860418098,17.497749350282923,0.9269950780672906,816,514,instagram_standard,1080,1080
complex_image_19.jpg,padding_resize,1156.2462909450421,17.50030008266495,0.9270783800968512,816,514,instagram_high_quality,1080,1080
complex_image_19.jpg,padding_resize,1156.8083180743115,17.498189580951987,0.9269793093817916,816,514,instagram_low_quality,1080,1080
complex_image_19.jpg,padding_resize,1156.9255860418098,17.497749350282923,0.9269950780672906,816,514,instagram_square,1080,1080
complex_image_19.jpg,padding_resize,1148.5765192263675,17.52920427274369,0.9253531927771012,816,514,instagram_landscape,1080,1080
complex_image_2.jpg,simple_resize,0.5583857725350114,50.66146016776182,0.9989474037574272,537,538,preprocessing_only,1080,1080
complex_image_2.jpg,simple_resize,2.5980641915824987,43.98430483682225,0.9978373086774042,537,538,instagram_standard,1080,1080
complex_image_2.jpg,simple_resize,1.833909068462868,45.49702562818446,0.9982986828950803,537,538,instagram_high_quality,1080,1080
complex_image_2.jpg,simple_resize,3.7837866526367283,42.35153719976084,0.9973745830007273,537,538,instagram_low_quality,1080,1080
complex_image_2.jpg,simple_resize,2.5980641915824987,43.98430483682225,0.9978373086774042,537,538,instagram_square,1080,1080
complex_image_2.jpg,simple_resize,10.179483984410155,38.053545974450905,0.9916393999763954,537,538,instagram_landscape,1080,1080
complex_image_2.jpg,padding_resize,0.5580834827475604,50.66381191706817,0.998954897134823,537,538,preprocessing_only,1080,1080
complex_image_2.jpg,padding_resize,14.991212828163254,36.37243591043545,0.9884241571796633,537,538,instagram_standard,1080,1080
complex_image_2.jpg,padding_resize,14.450040266845733,36.53211303557728,0.9886744013948134,537,538,instagram_high_quality,1080,1080
complex_image_2.jpg,padding_resize,16.16872500628809,36.04404586141783,0.9881171418571426,537,538,instagram_low_quality,1080,1080
complex_image_2.jpg,padding_resize,14.991212828163254,36.37243591043545,0.9884241571796633,537,538,instagram_square,1080,1080
complex_image_2.jpg,padding_resize,20.93916129583094,34.921210785531315,0.9847388473414265,537,538,instagram_landscape,1080,1080
complex_image_20.jpg,simple_resize,0.41977518108514417,51.90063603220872,0.9991741627103239,900,542,preprocessing_only,1080,1080
complex_image_20.jpg,simple_resize,3.403290966242996,42.811812799379034,0.997338854399781,900,542,instagram_standard,1080,1080
complex_image_20.jpg,simple_resize,2.483826704933716,44.17959068766116,0.998205513200597,900,542,instagram_high_quality,1080,1080
complex_image_20.jpg,simple_resize,3.7856409730763976,42.34940937401084,0.9970506901640791,900,542,instagram_low_quality,1080,1080
complex_image_20.jpg,simple_resize,3.403290966242996,42.811812799379034,0.997338854399781,900,542,instagram_square,1080,1080
complex_image_20.jpg,simple_resize,14.207773677736778,36.60554330457941,0.990199274566537,900,542,instagram_landscape,1080,1080
complex_image_20.jpg,padding_resize,0.42965969659696596,51.799557434336165,0.9991588567779105,900,542,preprocessing_only,1080,1080
complex_image_20.jpg,padding_resize,1560.795729123958,16.19734292859483,0.9164519589855914,900,542,instagram_standard,1080,1080
complex_image_20.jpg,padding_resize,1560.9842100587673,16.1968185083498,0.9167029255064881,900,542,instagram_high_quality,1080,1080
complex_image_20.jpg,padding_resize,1569.2911029110292,16.173768483444775,0.9164475232921957,900,542,instagram_low_quality,1080,1080
complex_image_20.jpg,padding_resize,1560.795729123958,16.19734292859483,0.9164519589855914,900,542,instagram_square,1080,1080
complex_image_20.jpg,padding_resize,1550.885008200082,16.225007630256513,0.9154762235030696,900,542,instagram_landscape,1080,1080
complex_image_21.jpg,simple_resize,1.0964997109955092,47.73071839321375,0.9984566249769841,510,588,preprocessing_only,1080,1080
complex_image_21.jpg,simple_resize,2.6846227379840824,43.841970966510985,0.9973755448749894,510,588,instagram_standard,1080,1080
complex_image_21.jpg,simple_resize,2.1627551020408164,44.78073015656165,0.997777632273981,510,588,instagram_high_quality,1080,1080
complex_image_21.jpg,simple_resize,3.2892123516073095,42.95988448420752,0.9971726181321869,510,588,instagram_low_quality,1080,1080
complex_image_21.jpg,simple_resize,2.6846227379840824,43.841970966510985,0.9973755448749894,510,588,instagram_square,1080,1080
complex_image_21.jpg,simple_resize,9.219530034235916,38.48371577421659,0.9912685578832684,510,588,instagram_landscape,1080,1080
complex_image_21.jpg,padding_resize,1.0936974789915965,47.74183149815187,0.9984619798493067,510,588,preprocessing_only,1080,1080
complex_image_21.jpg,padding_resize,449.3105731181361,21.60533722393213,0.9221251192555711,510,588,instagram_standard,1080,1080
complex_image_21.jpg,padding_resize,448.7891323195945,21.610380291767942,0.922145486743566,510,588,instagram_high_quality,1080,1080
complex_image_21.jpg,padding_resize,448.9601662887377,21.608725506628467,0.9220393960440618,510,588,instagram_low_quality,1080,1080
complex_image_21.jpg,padding_resize,449.3105731181361,21.60533722393213,0.9221251192555711,510,588,instagram_square,1080,1080
complex_image_21.jpg,padding_resize,444.86091214263485,21.64856112877849,0.9208341419538393,510,588,instagram_landscape,1080,1080
complex_image_22.jpg,simple_resize,0.8523290298124735,48.82473080365399,0.9984273813291937,990,906,preprocessing_only,1080,1080
complex_image_22.jpg,simple_resize,5.0778127113667955,41.07403682431809,0.9938639218489763,990,906,instagram_standard,1080,1080
complex_image_22.jpg,simple_resize,3.669410439940241,42.48484068618177,0.9956448273613294,990,906,instagram_high_quality,1080,1080
complex_image_22.jpg,simple_resize,6.696146899458157,39.872553882655815,0.9929098206172725,990,906,instagram_low_quality,1080,1080
complex_image_22.jpg,simple_resize,5.0778127113667955,41.07403682431809,0.9938639218489763,990,906,instagram_square,1080,1080
complex_image_22.jpg,simple_resize,18.367740317078066,35.49024630157504,0.9807039765859344,990,906,instagram_landscape,1080,1080
complex_image_22.jpg,padding_resize,0.877794501304435,48.69687504865474,0.998374211545324,990,906,preprocessing_only,1080,1080
complex_image_22.jpg,padding_resize,139.4090749288321,26.687893154901708,0.9538674180403897,990,906,instagram_standard,1080,1080
complex_image_22.jpg,padding_resize,139.2062813566125,26.694215286323875,0.9538905066630347,990,906,instagram_high_quality,1080,1080
complex_image_22.jpg,padding_resize,140.0695486877606,26.667366315372888,0.9537805250349725,990,906,instagram_low_quality,1080,1080
complex_image_22.jpg,padding_resize,139.4090749288321,26.687893154901708,0.9538674180403897,990,906,instagram_square,1080,1080
complex_image_22.jpg,padding_resize,136.0862101515523,26.792662412377375,0.9528810647511189,990,906,instagram_landscape,1080,1080
complex_image_23.jpg,simple_resize,0.7312379412673824,49.49021643602243,0.9984263241634119,563,657,preprocessing_only,1080,1080
complex_image_23.jpg,simple_resize,5.185805187654381,40.98264163034628,0.996444780674889,563,657,instagram_standard,1080,1080
complex_image_23.jpg,simple_resize,3.630496551686848,42.531143322754765,0.9972405947326232,563,657,instagram_high_quality,1080,1080
complex_image_23.jpg,simple_resize,5.892305210634124,40.4279512645475,0.9960622222455051,563,657,instagram_low_quality,1080,1080
complex_image_23.jpg,simple_resize,5.185805187654381,40.98264163034628,0.996444780674889,563,657,instagram_square,1080,1080
complex_image_23.jpg,simple_resize,20.52689846468284,35.00757026764258,0.986264094498633,563,657,instagram_landscape,1080,1080
complex_image_23.jpg,padding_resize,0.73185343790468,49.48656243583102,0.9984252452242076,563,657,preprocessing_only,1080,1080
complex_image_23.jpg,padding_resize,742.9283951218061,19.421334032339196,0.8942288478224611,563,657,instagram_standard,1080,1080
complex_image_23.jpg,padding_resize,743.5755019722026,19.4175528790892,0.8942917205797184,563,657,instagram_high_quality,1080,1080
complex_image_23.jpg,padding_resize,741.01340665223,19.432542954224374,0.8941888659272526,563,657,instagram_low_quality,1080,1080
complex_image_23.jpg,padding_resize,742.9283951218061,19.421334032339196,0.8942288478224611,563,657,instagram_square,1080,1080
complex_image_23.jpg,padding_resize,727.370773191742,19.51324514378196,0.8930549762349252,563,657,instagram_landscape,1080,1080
complex_image_24.jpg,simple_resize,0.6738653795692631,49.84507216186746,0.9989943595113712,962,824,preprocessing_only,1080,1080
complex_image_24.jpg,simple_resize,4.23409126079029,41.86320146383737,0.9963859413975173,962,824,instagram_standard,1080,1080
complex_image_24.jpg,simple_resize,3.1098893890156027,43.20335418334463,0.9973920142404415,962,824,instagram_high_quality,1080,1080
complex_image_24.jpg,simple_resize,4.8957160110072735,41.23264143403113,0.9960131177382195,962,824,instagram_low_quality,1080,1080
complex_image_24.jpg,simple_resize,4.23409126079029,41.86320146383737,0.9963859413975173,962,824,instagram_square,1080,1080
complex_image_24.jpg,simple_resize,16.063616454393152,36.07237034783537,0.9876239072725886,962,824,instagram_landscape,1080,1080
complex_image_24.jpg,padding_resize,0.6578279642600031,49.949680294748916,0.9989730929627565,962,824,preprocessing_only,1080,1080
complex_image_24.jpg,padding_resize,499.4528852040988,21.14585834594098,0.9413971858759653,962,824,instagram_standard,1080,1080
complex_image_24.jpg,padding_resize,499.45398862267797,21.145848751280802,0.9414192083759928,962,824,instagram_high_quality,1080,1080
complex_image_24.jpg,padding_resize,499.93330372942023,21.141682920406126,0.9414626362846559,962,824,instagram_low_quality,1080,1080
complex_image_24.jpg,padding_resize,499.4528852040988,21.14585834594098,0.9413971858759653,962,824,instagram_square,1080,1080
complex_image_24.jpg,padding_resize,493.07901175073505,21.20163843988431,0.9402288304199379,962,824,instagram_landscape,1080,1080
complex_image_25.jpg,simple_resize,0.8417570108691331,48.87893618618478,0.9990282298248183,904,742,preprocessing_only,1080,1080
complex_image_25.jpg,simple_resize,5.858904519396671,40.4526394035434,0.9968783153949701,904,742,instagram_standard,1080,1080
complex_image_25.jpg,simple_resize,4.339389078389746,41.75651769272424,0.9977252627539711,904,742,instagram_high_quality,1080,1080
complex_image_25.jpg,simple_resize,7.632993325064205,39.30385478270022,0.996566811199404,904,742,instagram_low_quality,1080,1080
complex_image_25.jpg,simple_resize,5.858904519396671,40.4526394035434,0.9968783153949701,904,742,instagram_square,1080,1080
complex_image_25.jpg,simple_resize,26.287350718380523,33.93333541454757,0.9871806126519583,904,742,instagram_landscape,1080,1080
complex_image_25.jpg,padding_resize,0.8646551415690671,48.762374325669384,0.9989918172000247,904,742,preprocessing_only,1080,1080
complex_image_25.jpg,padding_resize,1182.1492199985687,17.404080608610194,0.9030944600756059,904,742,instagram_standard,1080,1080
complex_image_25.jpg,padding_resize,1182.8936298889234,17.40134667828545,0.9029803671034312,904,742,instagram_high_quality,1080,1080
complex_image_25.jpg,padding_resize,1189.8253335480126,17.375971492601547,0.9030593285742279,904,742,instagram_low_quality,1080,1080
complex_image_25.jpg,padding_resize,1182.1492199985687,17.404080608610194,0.9030944600756059,904,742,instagram_square,1080,1080
complex_image_25.jpg,padding_resize,1159.7388913404734,17.48720139584541,0.9012377456004667,904,742,instagram_landscape,1080,1080
complex_image_26.jpg,simple_resize,0.47979770504024744,51.32022194540685,0.9989781652714954,615,807,preprocessing_only,1080,1080
complex_image_26.jpg,simple_resize,3.709475020400762,42.437679099794764,0.9973611923761582,615,807,instagram_standard,1080,1080
complex_image_26.jpg,simple_resize,2.6808723130601813,43.84804231351257,0.9979611159565609,615,807,instagram_high_quality,1080,1080
complex_image_26.jpg,simple_resize,4.259214260048425,41.837508730326704,0.997015218227841,615,807,instagram_low_quality,1080,1080
complex_image_26.jpg,simple_resize,3.709475020400762,42.437679099794764,0.9973611923761582,615,807,instagram_square,1080,1080
complex_image_26.jpg,simple_resize,14.96938979055218,36.37876263664293,0.9891475377898195,615,807,instagram_landscape,1080,1080
complex_image_26.jpg,padding_resize,0.4843587444548547,51.27913216113309,0.9989659961186311,615,807,preprocessing_only,1080,1080
complex_image_26.jpg,padding_resize,1281.7827747050706,17.05265929866393,0.920572134753096,615,807,instagram_standard,1080,1080
complex_image_26.jpg,padding_resize,1282.3195044713768,17.05084112798425,0.9205942322730928,615,807,instagram_high_quality,1080,1080
complex_image_26.jpg,padding_resize,1284.1180100945992,17.04475423756697,0.9204907707566532,615,807,instagram_low_quality,1080,1080
complex_image_26.jpg,padding_resize,1281.7827747050706,17.05265929866393,0.920572134753096,615,807,instagram_square,1080,1080
complex_image_26.jpg,padding_resize,1265.864360289204,17.106931881516935,0.919465472336091,615,807,instagram_landscape,1080,1080
complex_image_27.jpg,simple_resize,1.2922931911667335,47.017193047471494,0.9987611712699691,968,803,preprocessing_only,1080,1080
complex_image_27.jpg,simple_resize,5.959912295146643,40.37840492069638,0.9952799934831721,968,803,instagram_standard,1080,1080
complex_image_27.jpg,simple_resize,4.440062918326249,41.656912364991705,0.9966331079161069,968,803,instagram_high_quality,1080,1080
complex_image_27.jpg,simple_resize,7.234840337028156,39.53651409588771,0.9948315158038205,968,803,instagram_low_quality,1080,1080
complex_image_27.jpg,simple_resize,5.959912295146643,40.37840492069638,0.9952799934831721,968,803,instagram_square,1080,1080
complex_image_27.jpg,simple_resize,26.19142017366007,33.949213131161414,0.9838936610884098,968,803,instagram_landscape,1080,1080
complex_image_27.jpg,padding_resize,1.344120618616826,46.84642117708723,0.9987095695524277,968,803,preprocessing_only,1080,1080
complex_image_27.jpg,padding_resize,1638.5727484570602,15.986146331525028,0.9175824822919232,968,803,instagram_standard,1080,1080
complex_image_27.jpg,padding_resize,1638.1241444788654,15.987335493903318,0.9175801736456846,968,803,instagram_high_quality,1080,1080
complex_image_27.jpg,padding_resize,1638.5579695974805,15.98618550223695,0.9175828332272278,968,803,instagram_low_quality,1080,1080
complex_image_27.jpg,padding_resize,1638.5727484570602,15.986146331525028,0.9175824822919232,968,803,instagram_square,1080,1080
complex_image_27.jpg,padding_resize,1623.8768718545125,16.025272644734628,0.9163607631600241,968,803,instagram_landscape,1080,1080
complex_image_28.jpg,simple_resize,1.775868207460659,45.63669628533659,0.9984548443723682,863,588,preprocessing_only,1080,1080
complex_image_28.jpg,simple_resize,6.011608505897531,40.34089670600497,0.9959741460934172,863,588,instagram_standard,1080,1080
complex_image_28.jpg,simple_resize,4.506967599708868,41.591959248999345,0.9970404785708581,863,588,instagram_high_quality,1080,1080
complex_image_28.jpg,simple_resize,6.747142541837129,39.83960475600804,0.995436647529898,863,588,instagram_low_quality,1080,1080
complex_image_28.jpg,simple_resize,6.011608505897531,40.34089670600497,0.9959741460934172,863,588,instagram_square,1080,1080
complex_image_28.jpg,simple_resize,21.34459697359052,34.83792401952735,0.9847305001168265,863,588,instagram_landscape,1080,1080
complex_image_28.jpg,padding_resize,1.7918923073284934,45.597684558422486,0.9984368770998169,863,588,preprocessing_only,1080,1080
complex_image_28.jpg,padding_resize,2047.313593880967,15.018959907696301,0.8968931015606275,863,588,instagram_standard,1080,1080
complex_image_28.jpg,padding_resize,2047.782791138858,15.017964718515097,0.8969076664946362,863,588,instagram_high_quality,1080,1080
complex_image_28.jpg,padding_resize,2050.8488378356365,15.011467099160198,0.8966397839105494,863,588,instagram_low_quality,1080,1080
complex_image_28.jpg,padding_resize,2047.313593880967,15.018959907696301,0.8968931015606275,863,588,instagram_square,1080,1080
complex_image_28.jpg,padding_resize,2034.7523128988946,15.045688100526624,0.8939056018896032,863,588,instagram_landscape,1080,1080
complex_image_29.jpg,simple_resize,0.25377174231307575,54.08637099455696,0.9993725363297846,948,831,preprocessing_only,1080,1080
complex_image_29.jpg,simple_resize,3.972359738068279,42.140317894273586,0.99731540358508,948,831,instagram_standard,1080,1080
complex_image_29.jpg,simple_resize,2.8714298770735276,43.54982145987057,0.9980789928778313,948,831,instagram_high_quality,1080,1080
complex_image_29.jpg,simple_resize,4.474517679037169,41.62334132528137,0.9970048439361784,948,831,instagram_low_quality,1080,1080
complex_image_29.jpg,simple_resize,3.972359738068279,42.140317894273586,0.99731540358508,948,831,instagram_square,1080,1080
complex_image_29.jpg,simple_resize,15.512624800919367,36.2239507239609,0.9903963816933435,948,831,instagram_landscape,1080,1080
complex_image_29.jpg,padding_resize,0.2638683672934004,53.91693031024312,0.9993401936125592,948,831,preprocessing_only,1080,1080
complex_image_29.jpg,padding_resize,383.50616917241695,22.293080063612965,0.9638228254047724,948,831,instagram_standard,1080,1080
complex_image_29.jpg,padding_resize,383.8153678400788,22.28958001113253,0.9639756848185864,948,831,instagram_high_quality,1080,1080
complex_image_29.jpg,padding_resize,384.5520973493715,22.281251765258332,0.9637239299329174,948,831,instagram_low_quality,1080,1080
complex_image_29.jpg,padding_resize,383.50616917241695,22.293080063612965,0.9638228254047724,948,831,instagram_square,1080,1080
complex_image_29.jpg,padding_resize,374.0330516162555,22.40170380324291,0.9632926658856661,948,831,instagram_landscape,1080,1080
complex_image_3.jpg,simple_resize,1.4606440342066453,46.485359716385474,0.998261109641864,654,573,preprocessing_only,1080,1080
complex_image_3.jpg,simple_resize,4.357297376150347,41.73863160258762,0.9964390397662761,654,573,instagram_standard,1080,1080
complex_image_3.jpg,simple_resize,3.281006665919486,42.970732481383365,0.997201037527515,654,573,instagram_high_quality,1080,1080
complex_image_3.jpg,simple_resize,5.975077075249994,40.36736849048594,0.9960019921511274,654,573,instagram_low_quality,1080,1080
complex_image_3.jpg,simple_resize,4.357297376150347,41.73863160258762,0.9964390397662761,654,573,instagram_square,1080,1080
complex_image_3.jpg,simple_resize,15.686682215141795,36.17549262279215,0.9855926771003597,654,573,instagram_landscape,1080,1080
complex_image_3.jpg,padding_resize,1.462109042132098,46.481005979380434,0.9982538788338603,654,573,preprocessing_only,1080,1080
complex_image_3.jpg,padding_resize,551.2484411497333,20.717329865117907,0.9152324840377367,654,573,instagram_standard,1080,1080
complex_image_3.jpg,padding_resize,551.5042037810903,20.715315337164107,0.9152836847440304,654,573,instagram_high_quality,1080,1080
complex_image_3.jpg,padding_resize,553.5430118143505,20.699289884664033,0.9148953556833135,654,573,instagram_low_quality,1080,1080
complex_image_3.jpg,padding_resize,551.2484411497333,20.717329865117907,0.9152324840377367,654,573,instagram_square,1080,1080
complex_image_3.jpg,padding_resize,544.3454136445874,20.772057927229774,0.9133728389645194,654,573,instagram_landscape,1080,1080
complex_image_30.jpg,simple_resize,0.6472062680521895,50.02037646195561,0.998907273656309,637,662,preprocessing_only,1080,1080
complex_image_30.jpg,simple_resize,3.0109139170425316,43.34382021790833,0.9974641488098747,637,662,instagram_standard,1080,1080
complex_image_30.jpg,simple_resize,2.1586576996589946,44.78896579550418,0.9979993432759914,637,662,instagram_high_quality,1080,1080
complex_image_30.jpg,simple_resize,3.9329940667877654,42.183570696229935,0.997133790827757,637,662,instagram_low_quality,1080,1080
complex_image_30.jpg,simple_resize,3.0109139170425316,43.34382021790833,0.9974641488098747,637,662,instagram_square,1080,1080
complex_image_30.jpg,simple_resize,12.008890332800561,37.33577482075039,0.9891662190006197,637,662,instagram_landscape,1080,1080
complex_image_30.jpg,padding_resize,0.647674221908145,50.017237488315175,0.9989098043308253,637,662,preprocessing_only,1080,1080
complex_image_30.jpg,padding_resize,227.59280505137215,24.55921832388627,0.9388082114210493,637,662,instagram_standard,1080,1080
complex_image_30.jpg,padding_resize,227.10554098469507,24.568526304803157,0.9388207624836316,637,662,instagram_high_quality,1080,1080
complex_image_30.jpg,padding_resize,228.0598735892219,24.55031481605177,0.9386821206178716,637,662,instagram_low_quality,1080,1080
complex_image_30.jpg,padding_resize,227.59280505137215,24.55921832388627,0.9388082114210493,637,662,instagram_square,1080,1080
complex_image_30.jpg,padding_resize,220.8268776253239,24.690284290663346,0.9369238299942092,637,662,instagram_landscape,1080,1080
complex_image_31.jpg,simple_resize,0.5763768557111413,50.5237382737749,0.9987573644582232,978,524,preprocessing_only,1080,1080
complex_image_31.jpg,simple_resize,4.407667150595545,41.68871569969195,0.9962833896443868,978,524,instagram_standard,1080,1080
complex_image_31.jpg,simple_resize,3.0690489756838746,43.26076541937703,0.9973143676161526,978,524,instagram_high_quality,1080,1080
complex_image_31.jpg,simple_resize,5.5864756188305575,40.659424531620004,0.9956991591494183,978,524,instagram_low_quality,1080,1080
complex_image_31.jpg,simple_resize,4.407667150595545,41.68871569969195,0.9962833896443868,978,524,instagram_square,1080,1080
complex_image_31.jpg,simple_resize,17.018081638281377,35.82169758166603,0.9864665112992748,978,524,instagram_landscape,1080,1080
complex_image_31.jpg,padding_resize,0.6140543613439694,50.248735405628075,0.9986739313767956,978,524,preprocessing_only,1080,1080
complex_image_31.jpg,padding_resize,1079.0412497333189,17.800423136000724,0.9032153674681743,978,524,instagram_standard,1080,1080
complex_image_31.jpg,padding_resize,1079.3211856777866,17.79929659085098,0.9033346788031442,978,524,instagram_high_quality,1080,1080
complex_image_31.jpg,padding_resize,1079.655293037148,17.797952426288532,0.9031098614041908,978,524,instagram_low_quality,1080,1080
complex_image_31.jpg,padding_resize,1079.0412497333189,17.800423136000724,0.9032153674681743,978,524,instagram_square,1080,1080
complex_image_31.jpg,padding_resize,1072.7343171919636,17.825881867722913,0.9011547058819575,978,524,instagram_landscape,1080,1080
complex_image_32.jpg,simple_resize,0.9096205989684206,48.54220074187108,0.9986969752920437,542,905,preprocessing_only,1080,1080
complex_image_32.jpg,simple_resize,5.37161321889462,40.82975626965645,0.9963536798696958,542,905,instagram_standard,1080,1080
complex_image_32.jpg,simple_resize,3.9380984417578984,42.177937927484194,0.9973599605427942,542,905,instagram_high_quality,1080,1080
complex_image_32.jpg,simple_resize,6.231596365687413,40.184810455088744,0.995845098357801,542,905,instagram_low_quality,1080,1080
complex_image_32.jpg,simple_resize,5.37161321889462,40.82975626965645,0.9963536798696958,542,905,instagram_square,1080,1080
complex_image_32.jpg,simple_resize,21.773877528830536,34.751445850458424,0.9864973087733663,542,905,instagram_landscape,1080,1080
complex_image_32.jpg,padding_resize,0.9256005653979191,48.46656749637785,0.9986705340750531,542,905,preprocessing_only,1080,1080
complex_image_32.jpg,padding_resize,1860.9474540104518,15.4334625036771,0.9171131222597253,542,905,instagram_standard,1080,1080
complex_image_32.jpg,padding_resize,1861.5193628400373,15.432128029184698,0.9171691482764777,542,905,instagram_high_quality,1080,1080
complex_image_32.jpg,padding_resize,1860.526992993687,15.434443856110462,0.9172858769851409,542,905,instagram_low_quality,1080,1080
complex_image_32.jpg,padding_resize,1860.9474540104518,15.4334625036771,0.9171131222597253,542,905,instagram_square,1080,1080
complex_image_32.jpg,padding_resize,1845.7650221198344,15.46903949168395,0.9158227636342869,542,905,instagram_landscape,1080,1080
complex_image_33.jpg,simple_resize,1.6805267201575387,45.876349387814145,0.9978496799103463,523,769,preprocessing_only,1080,1080
complex_image_33.jpg,simple_resize,8.147588062269541,39.02051297683347,0.9952462867362334,523,769,instagram_standard,1080,1080
complex_image_33.jpg,simple_resize,5.864408015840061,40.44856182170818,0.996332030141866,523,769,instagram_high_quality,1080,1080
complex_image_33.jpg,simple_resize,9.229195208530692,38.47916528935475,0.9947859139451584,523,769,instagram_low_quality,1080,1080
complex_image_33.jpg,simple_resize,8.147588062269541,39.02051297683347,0.9952462867362334,523,769,instagram_square,1080,1080
complex_image_33.jpg,simple_resize,31.065963511169347,33.20795533062187,0.980912352988939,523,769,instagram_landscape,1080,1080
complex_image_33.jpg,padding_resize,1.6946611070637954,45.839974984747656,0.9978222952024179,523,769,preprocessing_only,1080,1080
complex_image_33.jpg,padding_resize,3103.669366074322,13.212049112126987,0.8486981750945958,523,769,instagram_standard,1080,1080
complex_image_33.jpg,padding_resize,3104.2152042043463,13.21128539145593,0.8489960554681907,523,769,instagram_high_quality,1080,1080
complex_image_33.jpg,padding_resize,3106.489170460507,13.208105169111928,0.8487944435595319,523,769,instagram_low_quality,1080,1080
complex_image_33.jpg,padding_resize,3103.669366074322,13.212049112126987,0.8486981750945958,523,769,instagram_square,1080,1080
complex_image_33.jpg,padding_resize,3074.723316102543,13.252743196820791,0.8472833357043695,523,769,instagram_landscape,1080,1080
complex_image_34.jpg,simple_resize,0.41226540044560095,51.9790347289188,0.9992652407401277,834,752,preprocessing_only,1080,1080
complex_image_34.jpg,simple_resize,3.6596547230300867,42.49640247865927,0.9974470964281844,834,752,instagram_standard,1080,1080
complex_image_34.jpg,simple_resize,2.545845770192357,44.07248270734584,0.9981643234409102,834,752,instagram_high_quality,1080,1080
complex_image_34.jpg,simple_resize,5.835323230777081,40.47015443339152,0.9968843511004096,834,752,instagram_low_quality,1080,1080
complex_image_34.jpg,simple_resize,3.6596547230300867,42.49640247865927,0.9974470964281844,834,752,instagram_square,1080,1080
complex_image_34.jpg,simple_resize,14.639826968212663,36.475444171506275,0.9897355479128107,834,752,instagram_landscape,1080,1080
complex_image_34.jpg,padding_resize,0.4157695120499345,51.942277210719105,0.9992562076460534,834,752,preprocessing_only,1080,1080
complex_image_34.jpg,padding_resize,408.0686897290678,22.023470873383246,0.9506941541853715,834,752,instagram_standard,1080,1080
complex_image_34.jpg,padding_resize,408.48907150875044,22.018999187190182,0.950587732478551,834,752,instagram_high_quality,1080,1080
complex_image_34.jpg,padding_resize,409.52152054951785,22.008036317914396,0.9504321987705526,834,752,instagram_low_quality,1080,1080
complex_image_34.jpg,padding_resize,408.0686897290678,22.023470873383246,0.9506941541853715,834,752,instagram_square,1080,1080
complex_image_34.jpg,padding_resize,400.57588184771333,22.103955634285004,0.9493964043213132,834,752,instagram_landscape,1080,1080
complex_image_35.jpg,simple_resize,0.2121504691776228,54.86436364307923,0.9995298148311142,762,874,preprocessing_only,1080,1080
complex_image_35.jpg,simple_resize,4.841318962704032,41.28116664473873,0.9975490560306286,762,874,instagram_standard,1080,1080
complex_image_35.jpg,simple_resize,3.484783509612786,42.709045579176646,0.9982567117118344,762,874,instagram_high_quality,1080,1080
complex_image_35.jpg,simple_resize,6.467018424756402,40.02376262599217,0.9968877384511227,762,874,instagram_low_quality,1080,1080
complex_image_35.jpg,simple_resize,4.841318962704032,41.28116664473873,0.9975490560306286,762,874,instagram_square,1080,1080
complex_image_35.jpg,simple_resize,18.60921618207335,35.43352279782776,0.9913910809547116,762,874,instagram_landscape,1080,1080
complex_image_35.jpg,padding_resize,0.21307340873008723,54.84551107129189,0.999525050739553,762,874,preprocessing_only,1080,1080
complex_image_35.jpg,padding_resize,925.779107631569,18.465729851801424,0.9462067502210952,762,874,instagram_standard,1080,1080
complex_image_35.jpg,padding_resize,926.2555306301815,18.463495467199337,0.9462165390751303,762,874,instagram_high_quality,1080,1080
complex_image_35.jpg,padding_resize,930.1863146683323,18.445104151868737,0.9459903323122862,762,874,instagram_low_quality,1080,1080
complex_image_35.jpg,padding_resize,925.779107631569,18.465729851801424,0.9462067502210952,762,874,instagram_square,1080,1080
complex_image_35.jpg,padding_resize,908.3327472366869,18.548353892009168,0.9456075027881884,762,874,instagram_landscape,1080,1080
complex_image_36.jpg,simple_resize,0.6250563265845821,50.17161205567625,0.9988100322019817,677,566,preprocessing_only,1080,1080
complex_image_36.jpg,simple_resize,2.939682274567525,43.44779967142388,0.9972506524924561,677,566,instagram_standard,1080,1080
complex_image_36.jpg,simple_resize,2.133312629507649,44.84025856416598,0.9978600393118029,677,566,instagram_high_quality,1080,1080
complex_image_36.jpg,simple_resize,3.438725375061111,42.76682867470423,0.9969185466732339,677,566,instagram_low_quality,1080,1080
complex_image_36.jpg,simple_resize,2.939682274567525,43.44779967142388,0.9972506524924561,677,566,instagram_square,1080,1080
complex_image_36.jpg,simple_resize,9.678224272886862,38.272846790997825,0.9895443751519335,677,566,instagram_landscape,1080,1080
complex_image_36.jpg,padding_resize,0.6273511455826909,50.15569665489238,0.9988068458956456,677,566,preprocessing_only,1080,1080
complex_image_36.jpg,padding_resize,834.8120562378539,18.914916484096118,0.9110508132737851,677,566,instagram_standard,1080,1080
complex_image_36.jpg,padding_resize,834.7088389677316,18.915453484753456,0.9110441635649122,677,566,instagram_high_quality,1080,1080
complex_image_36.jpg,padding_resize,831.4818197792868,18.93227602989886,0.9109239492417522,677,566,instagram_low_quality,1080,1080
complex_image_36.jpg,padding_resize,834.8120562378539,18.914916484096118,0.9110508132737851,677,566,instagram_square,1080,1080
complex_image_36.jpg,padding_resize,826.8283896425197,18.956649808983666,0.9094418799020733,677,566,instagram_landscape,1080,1080
complex_image_37.jpg,simple_resize,1.5744193494108005,46.159599423246604,0.998440009857039,651,849,preprocessing_only,1080,1080
complex_image_37.jpg,simple_resize,7.100960920862893,39.61763238291029,0.9956283769443128,651,849,instagram_standard,1080,1080
complex_image_37.jpg,simple_resize,5.35864307094217,40.84025530393187,0.9967304473977773,651,849,instagram_high_quality,1080,1080
complex_image_37.jpg,simple_resize,8.990074163333025,38.593170864212844,0.9950761716750435,651,849,instagram_low_quality,1080,1080
complex_image_37.jpg,simple_resize,7.100960920862893,39.61763238291029,0.9956283769443128,651,849,instagram_square,1080,1080
complex_image_37.jpg,simple_resize,28.35053377456204,33.60519120807783,0.984232902672813,651,849,instagram_landscape,1080,1080
complex_image_37.jpg,padding_resize,1.586954201111274,46.12515967504152,0.998422327397991,651,849,preprocessing_only,1080,1080
complex_image_37.jpg,padding_resize,1399.9212555115894,16.66976753231524,0.8505214896185243,651,849,instagram_standard,1080,1080
complex_image_37.jpg,padding_resize,1399.237047651615,16.671890654138288,0.8500821572628864,651,849,instagram_high_quality,1080,1080
complex_image_37.jpg,padding_resize,1402.972645146816,16.66031157535636,0.8494952634829918,651,849,instagram_low_quality,1080,1080
complex_image_37.jpg,padding_resize,1399.9212555115894,16.66976753231524,0.8505214896185243,651,849,instagram_square,1080,1080
complex_image_37.jpg,padding_resize,1384.981314120947,16.716364468384942,0.8482199445433762,651,849,instagram_landscape,1080,1080
complex_image_38.jpg,simple_resize,1.7006831595116825,45.82456949602601,0.9975323003185306,868,532,preprocessing_only,1080,1080
complex_image_38.jpg,simple_resize,4.801559630643429,41.316980341247074,0.9940054687041407,868,532,instagram_standard,1080,1080
complex_image_38.jpg,simple_resize,3.5825053705692804,42.58893510742881,0.9956582356828655,868,532,instagram_high_quality,1080,1080
complex_image_38.jpg,simple_resize,5.43979837265976,40.77497558093272,0.9931659432701954,868,532,instagram_low_quality,1080,1080
complex_image_38.jpg,simple_resize,4.801559630643429,41.316980341247074,0.9940054687041407,868,532,instagram_square,1080,1080
complex_image_38.jpg,simple_resize,18.5718689003615,35.442247515667816,0.9774331520435535,868,532,instagram_landscape,1080,1080
complex_image_38.jpg,padding_resize,1.7094796322603745,45.802164301427986,0.9974995408282238,868,532,preprocessing_only,1080,1080
complex_image_38.jpg,padding_resize,891.0651571324624,18.631708988641794,0.8750815506892621,868,532,instagram_standard,1080,1080
complex_image_38.jpg,padding_resize,891.3679756707437,18.630233338093806,0.8751123386685195,868,532,instagram_high_quality,1080,1080
complex_image_38.jpg,padding_resize,891.1903563632584,18.631098825455304,0.8750500356836128,868,532,instagram_low_quality,1080,1080
complex_image_38.jpg,padding_resize,891.0651571324624,18.631708988641794,0.8750815506892621,868,532,instagram_square,1080,1080
complex_image_38.jpg,padding_resize,883.3650247450423,18.669401607167956,0.8739161006132171,868,532,instagram_landscape,1080,1080
complex_image_39.jpg,simple_resize,1.0771373131830697,47.80809290293743,0.9985634403251014,599,838,preprocessing_only,1080,1080
complex_image_39.jpg,simple_resize,3.7139312006353733,42.43246506553316,0.9961771072135396,599,838,instagram_standard,1080,1080
complex_image_39.jpg,simple_resize,2.767813101390145,43.70943600146547,0.9972053015594841,599,838,instagram_high_quality,1080,1080
complex_image_39.jpg,simple_resize,6.861094398912003,39.766869662252844,0.9955136822541036,599,838,instagram_low_quality,1080,1080
complex_image_39.jpg,simple_resize,3.7139312006353733,42.43246506553316,0.9961771072135396,599,838,instagram_square,1080,1080
complex_image_39.jpg,simple_resize,17.12143150278308,35.795402881570766,0.9834023697843949,599,838,instagram_landscape,1080,1080
complex_image_39.jpg,padding_resize,1.084372256598441,47.77901963136461,0.9985480186416235,599,838,preprocessing_only,1080,1080
complex_image_39.jpg,padding_resize,1906.5646058200953,15.328288345124694,0.8673287748383053,599,838,instagram_standard,1080,1080
complex_image_39.jpg,padding_resize,1910.739196061322,15.318789482457102,0.867510906163466,599,838,instagram_high_quality,1080,1080
complex_image_39.jpg,padding_resize,1908.166628151135,15.324640646471838,0.8675519168223847,599,838,instagram_low_quality,1080,1080
complex_image_39.jpg,padding_resize,1906.5646058200953,15.328288345124694,0.8673287748383053,599,838,instagram_square,1080,1080
complex_image_39.jpg,padding_resize,1895.2590727319332,15.354117765545896,0.864858869348617,599,838,instagram_landscape,1080,1080
complex_image_4.jpg,simple_resize,1.0437249398698736,47.94494299784047,0.998581869093933,909,517,preprocessing_only,1080,1080
complex_image_4.jpg,simple_resize,4.4738573148094956,41.62398231884913,0.9960267023160064,909,517,instagram_standard,1080,1080
complex_image_4.jpg,simple_resize,3.2834347264513686,42.967519737828255,0.9971764921739872,909,517,instagram_high_quality,1080,1080
complex_image_4.jpg,simple_resize,6.43131263480958,40.04780739129571,0.9954049654162367,909,517,instagram_low_quality,1080,1080
complex_image_4.jpg,simple_resize,4.4738573148094956,41.62398231884913,0.9960267023160064,909,517,instagram_square,1080,1080
complex_image_4.jpg,simple_resize,18.31070553863897,35.50375282233371,0.9860668533571497,909,517,instagram_landscape,1080,1080
complex_image_4.jpg,padding_resize,1.0644610560346814,47.85950583734834,0.9985467464881531,909,517,preprocessing_only,1080,1080
complex_image_4.jpg,padding_resize,1394.0394883459978,16.688052848621105,0.8828115831804094,909,517,instagram_standard,1080,1080
complex_image_4.jpg,padding_resize,1393.5468057444043,16.68958800710487,0.8827944730453783,909,517,instagram_high_quality,1080,1080
complex_image_4.jpg,padding_resize,1395.8515794841896,16.682411185390833,0.8825494433616601,909,517,instagram_low_quality,1080,1080
complex_image_4.jpg,padding_resize,1394.0394883459978,16.688052848621105,0.8828115831804094,909,517,instagram_square,1080,1080
complex_image_4.jpg,padding_resize,1382.5357514474852,16.72403990181875,0.881462762133685,909,517,instagram_landscape,1080,1080
complex_image_40.jpg,simple_resize,1.6345657375469997,45.996779695215324,0.9981767162696427,850,631,preprocessing_only,1080,1080
complex_image_40.jpg,simple_resize,5.775962835213325,40.514559707165944,0.994720214423976,850,631,instagram_standard,1080,1080
complex_image_40.jpg,simple_resize,4.229007799633324,41.86841874743334,0.9963032436281235,850,631,instagram_high_quality,1080,1080
complex_image_40.jpg,simple_resize,7.327759236816755,39.48109169291041,0.9940075617985912,850,631,instagram_low_quality,1080,1080
complex_image_40.jpg,simple_resize,5.775962835213325,40.514559707165944,0.994720214423976,850,631,instagram_square,1080,1080
complex_image_40.jpg,simple_resize,23.494258724091857,34.42118613876044,0.9798203079426407,850,631,instagram_landscape,1080,1080
complex_image_40.jpg,padding_resize,1.641937167894099,45.97723826938923,0.9981563681030506,850,631,preprocessing_only,1080,1080
complex_image_40.jpg,padding_resize,1280.6211180510238,17.056597015982476,0.8944464583377567,850,631,instagram_standard,1080,1080
complex_image_40.jpg,padding_resize,1281.3538069046954,17.05411297344422,0.8942711882089183,850,631,instagram_high_quality,1080,1080
complex_image_40.jpg,padding_resize,1287.1401429414873,17.034545257019325,0.8940985945404207,850,631,instagram_low_quality,1080,1080
complex_image_40.jpg,padding_resize,1280.6211180510238,17.056597015982476,0.8944464583377567,850,631,instagram_square,1080,1080
complex_image_40.jpg,padding_resize,1267.329928218514,17.101906699370776,0.8926419338051574,850,631,instagram_landscape,1080,1080
complex_image_41.jpg,simple_resize,0.7540852716008812,49.356599024095274,0.9988671665021388,612,895,preprocessing_only,1080,1080
complex_image_41.jpg,simple_resize,8.351585302028942,38.91311439566988,0.9960693875640807,612,895,instagram_standard,1080,1080
complex_image_41.jpg,simple_resize,5.920253526612383,40.40740055690398,0.9971449792964414,612,895,instagram_high_quality,1080,1080
complex_image_41.jpg,simple_resize,9.5238896800185,38.34266004756309,0.9955606569718324,612,895,instagram_low_quality,1080,1080
complex_image_41.jpg,simple_resize,8.351585302028942,38.91311439566988,0.9960693875640807,612,895,instagram_square,1080,1080
complex_image_41.jpg,simple_resize,32.455706478742954,33.01789293804087,0.9855024580878774,612,895,instagram_landscape,1080,1080
complex_image_41.jpg,padding_resize,0.7767158384148197,49.22818199699438,0.9988363828611216,612,895,preprocessing_only,1080,1080
complex_image_41.jpg,padding_resize,3205.6843636275116,13.071596020148323,0.8851975957808415,612,895,instagram_standard,1080,1080
complex_image_41.jpg,padding_resize,3205.899023867772,13.07130521598271,0.885176399146381,612,895,instagram_high_quality,1080,1080
complex_image_41.jpg,padding_resize,3204.8533939460326,13.072721933645644,0.8851625372283353,612,895,instagram_low_quality,1080,1080
complex_image_41.jpg,padding_resize,3205.6843636275116,13.071596020148323,0.8851975957808415,612,895,instagram_square,1080,1080
complex_image_41.jpg,padding_resize,3176.126846679081,13.111825221151495,0.8832379759023878,612,895,instagram_landscape,1080,1080
complex_image_42.jpg,simple_resize,0.7223509949515597,49.543320855558505,0.9988975507011193,535,983,preprocessing_only,1080,1080
complex_image_42.jpg,simple_resize,4.86692716998951,41.25825513475509,0.9967587778852619,535,983,instagram_standard,1080,1080
complex_image_42.jpg,simple_resize,3.407713687199526,42.80617262241802,0.9975795363017598,535,983,instagram_high_quality,1080,1080
complex_image_42.jpg,simple_resize,6.358353061230957,40.09735721484305,0.9962377700273115,535,983,instagram_low_quality,1080,1080
complex_image_42.jpg,simple_resize,4.86692716998951,41.25825513475509,0.9967587778852619,535,983,instagram_square,1080,1080
complex_image_42.jpg,simple_resize,19.85364530349271,35.15240102169577,0.9856293834736798,535,983,instagram_landscape,1080,1080
complex_image_42.jpg,padding_resize,0.7437826223367339,49.41634333539536,0.99881724424076,535,983,preprocessing_only,1080,1080
complex_image_42.jpg,padding_resize,733.0154482907243,19.47967233379963,0.9275379313319084,535,983,instagram_standard,1080,1080
complex_image_42.jpg,padding_resize,732.6831582383384,19.4816415208886,0.9277296533388601,535,983,instagram_high_quality,1080,1080
complex_image_42.jpg,padding_resize,733.151368910101,19.478867110622446,0.9273918738154912,535,983,instagram_low_quality,1080,1080
complex_image_42.jpg,padding_resize,733.0154482907243,19.47967233379963,0.9275379313319084,535,983,instagram_square,1080,1080
complex_image_42.jpg,padding_resize,723.863987475558,19.53423390027122,0.9261791234289954,535,983,instagram_landscape,1080,1080
complex_image_43.jpg,simple_resize,3.078537690379796,43.24735885862688,0.9975401995948118,665,624,preprocessing_only,1080,1080
complex_image_43.jpg,simple_resize,7.840795900006427,39.18720211775685,0.9952554187598996,665,624,instagram_standard,1080,1080
complex_image_43.jpg,simple_resize,6.135151179230126,40.252550920124705,0.9962689100844603,665,624,instagram_high_quality,1080,1080
complex_image_43.jpg,simple_resize,8.713710558447401,38.72877230900127,0.9947866847146783,665,624,instagram_low_quality,1080,1080
complex_image_43.jpg,simple_resize,7.840795900006427,39.18720211775685,0.9952554187598996,665,624,instagram_square,1080,1080
complex_image_43.jpg,simple_resize,31.494932041642567,33.1483968528224,0.9797504825785878,665,624,instagram_landscape,1080,1080
complex_image_43.jpg,padding_resize,3.0787915301073197,43.247000777422954,0.9975408503374896,665,624,preprocessing_only,1080,1080
complex_image_43.jpg,padding_resize,794.3480423815951,19.130695312780247,0.8731508350201505,665,624,instagram_standard,1080,1080
complex_image_43.jpg,padding_resize,794.2445175438596,19.13126135176301,0.8732195089351874,665,624,instagram_high_quality,1080,1080
complex_image_43.jpg,padding_resize,794.3057314761262,19.130926645661912,0.8731074425896174,665,624,instagram_low_quality,1080,1080
complex_image_43.jpg,padding_resize,794.3480423815951,19.130695312780247,0.8731508350201505,665,624,instagram_square,1080,1080
complex_image_43.jpg,padding_resize,782.5591711650923,19.19563175366446,0.8699707051981467,665,624,instagram_landscape,1080,1080
complex_image_44.jpg,simple_resize,0.380289103693359,52.3296647898418,0.9991561873916869,987,555,preprocessing_only,1080,1080
complex_image_44.jpg,simple_resize,4.7270066419002585,41.38494148338932,0.9969285388944265,987,555,instagram_standard,1080,1080
complex_image_44.jpg,simple_resize,3.3507988231392485,42.87932006629547,0.9977463062728937,987,555,instagram_high_quality,1080,1080
complex_image_44.jpg,simple_resize,5.422595239616516,40.78873172394371,0.9964615651994511,987,555,instagram_low_quality,1080,1080
complex_image_44.jpg,simple_resize,4.7270066419002585,41.38494148338932,0.9969285388944265,987,555,instagram_square,1080,1080
complex_image_44.jpg,simple_resize,18.257898019600148,35.51629583892811,0.9886322674133793,987,555,instagram_landscape,1080,1080
complex_image_44.jpg,padding_resize,0.38787176233984744,52.243921974224676,0.9991067364310697,987,555,preprocessing_only,1080,1080
complex_image_44.jpg,padding_resize,1589.3859093135688,16.118510024037775,0.925129278171562,987,555,instagram_standard,1080,1080
complex_image_44.jpg,padding_resize,1589.3633432824922,16.1185716854146,0.9252035070438919,987,555,instagram_high_quality,1080,1080
complex_image_44.jpg,padding_resize,1592.62051291413,16.10968055739107,0.9248940313370709,987,555,instagram_low_quality,1080,1080
complex_image_44.jpg,padding_resize,1589.3859093135688,16.118510024037775,0.925129278171562,987,555,instagram_square,1080,1080
complex_image_44.jpg,padding_resize,1577.739907688844,16.15044950058849,0.923990767421777,987,555,instagram_landscape,1080,1080
complex_image_45.jpg,simple_resize,2.035822891521937,45.043403674489504,0.9975961438135198,822,507,preprocessing_only,1080,1080
complex_image_45.jpg,simple_resize,5.1639672324680745,41.00096883044916,0.9953349384133872,822,507,instagram_standard,1080,1080
complex_image_45.jpg,simple_resize,4.019533505777189,42.08904707689576,0.996282048404479,822,507,instagram_high_quality,1080,1080
complex_image_45.jpg,simple_resize,6.391847468770545,40.074539581823856,0.9947939757835877,822,507,instagram_low_quality,1080,1080
complex_image_45.jpg,simple_resize,5.1639672324680745,41.00096883044916,0.9953349384133872,822,507,instagram_square,1080,1080
complex_image_45.jpg,simple_resize,18.80842575396197,35.387279138012424,0.9823594107591374,822,507,instagram_landscape,1080,1080
complex_image_45.jpg,padding_resize,2.0423447245457353,45.029513129640115,0.9975780237862611,822,507,preprocessing_only,1080,1080
complex_image_45.jpg,padding_resize,2208.124650673219,14.690567747946586,0.862101752019914,822,507,instagram_standard,1080,1080
complex_image_45.jpg,padding_resize,2207.9600043830815,14.690891586735429,0.8621006986577673,822,507,instagram_high_quality,1080,1080
complex_image_45.jpg,padding_resize,2232.181954662303,14.6435076796572,0.8618116876924524,822,507,instagram_low_quality,1080,1080
complex_image_45.jpg,padding_resize,2208.124650673219,14.690567747946586,0.862101752019914,822,507,instagram_square,1080,1080
complex_image_45.jpg,padding_resize,2198.1764230217345,14.71017815423732,0.8598127680192179,822,507,instagram_landscape,1080,1080
complex_image_46.jpg,simple_resize,0.883879303545034,48.666873960619874,0.99844354456946,543,716,preprocessing_only,1080,1080
complex_image_46.jpg,simple_resize,4.9696424100881025,41.1675522060795,0.9961806890103868,543,716,instagram_standard,1080,1080
complex_image_46.jpg,simple_resize,3.505719483797511,42.68303198543329,0.9970964067208214,543,716,instagram_high_quality,1080,1080
complex_image_46.jpg,simple_resize,5.729021128910015,40.54999936916062,0.9956347189296016,543,716,instagram_low_quality,1080,1080
complex_image_46.jpg,simple_resize,4.9696424100881025,41.1675522060795,0.9961806890103868,543,716,instagram_square,1080,1080
complex_image_46.jpg,simple_resize,20.149257864611734,35.088213059857914,0.9839605569572959,543,716,instagram_landscape,1080,1080
complex_image_46.jpg,padding_resize,0.8878206117472761,48.64755137429978,0.9984317903230269,543,716,preprocessing_only,1080,1080
complex_image_46.jpg,padding_resize,2157.01113460292,14.792279739090255,0.8882094757963471,543,716,instagram_standard,1080,1080
complex_image_46.jpg,padding_resize,2156.310800058987,14.793690027657611,0.8882580454213044,543,716,instagram_high_quality,1080,1080
complex_image_46.jpg,padding_resize,2155.518496798598,14.795286069217532,0.8880976929898631,543,716,instagram_low_quality,1080,1080
complex_image_46.jpg,padding_resize,2157.01113460292,14.792279739090255,0.8882094757963471,543,716,instagram_square,1080,1080
complex_image_46.jpg,padding_resize,2139.0493267967804,14.828595612853267,0.8865237130636187,543,716,instagram_landscape,1080,1080
complex_image_47.jpg,simple_resize,0.6928700963540888,49.72428542886583,0.9986894907076389,531,756,preprocessing_only,1080,1080
complex_image_47.jpg,simple_resize,3.2126283309585255,43.06219875948335,0.9968369668072139,531,756,instagram_standard,1080,1080
complex_image_47.jpg,simple_resize,2.31351863476785,44.488073588931336,0.997637028009787,531,756,instagram_high_quality,1080,1080
complex_image_47.jpg,simple_resize,4.8802631884866665,41.24637117097716,0.9962578800073035,531,756,instagram_low_quality,1080,1080
complex_image_47.jpg,simple_resize,3.2126283309585255,43.06219875948335,0.9968369668072139,531,756,instagram_square,1080,1080
complex_image_47.jpg,simple_resize,13.075386030816038,36.966258412575925,0.9866301712320493,531,756,instagram_landscape,1080,1080
complex_image_47.jpg,padding_resize,0.6998135028580729,49.68098042955124,0.9986672626790587,531,756,preprocessing_only,1080,1080
complex_image_47.jpg,padding_resize,1529.0178642008523,16.286678013689116,0.8870071233565257,531,756,instagram_standard,1080,1080
complex_image_47.jpg,padding_resize,1529.429413405873,16.28550922748077,0.887034276402521,531,756,instagram_high_quality,1080,1080
complex_image_47.jpg,padding_resize,1535.511409041541,16.268273132145946,0.8867425478245831,531,756,instagram_low_quality,1080,1080
complex_image_47.jpg,padding_resize,1529.0178642008523,16.286678013689116,0.8870071233565257,531,756,instagram_square,1080,1080
complex_image_47.jpg,padding_resize,1515.637696502888,16.324849624837476,0.8854446598652554,531,756,instagram_landscape,1080,1080
complex_image_48.jpg,simple_resize,1.7449382292381606,45.713003033124465,0.9978396827025474,564,558,preprocessing_only,1080,1080
complex_image_48.jpg,simple_resize,5.476160214206428,40.746042152102085,0.9958111580971886,564,558,instagram_standard,1080,1080
complex_image_48.jpg,simple_resize,4.090633129125465,42.01289829582925,0.9967077542308985,564,558,instagram_high_quality,1080,1080
complex_image_48.jpg,simple_resize,6.157401052390758,40.23682919284251,0.9953101095477722,564,558,instagram_low_quality,1080,1080
complex_image_48.jpg,simple_resize,5.476160214206428,40.746042152102085,0.9958111580971886,564,558,instagram_square,1080,1080
complex_image_48.jpg,simple_resize,19.259373649558963,35.284382019092774,0.9833848528858454,564,558,instagram_landscape,1080,1080
complex_image_48.jpg,padding_resize,1.745515476583882,45.71156657035856,0.9978441147192071,564,558,preprocessing_only,1080,1080
complex_image_48.jpg,padding_resize,158.51303943499664,26.130153673631007,0.9249800756598578,564,558,instagram_standard,1080,1080
complex_image_48.jpg,padding_resize,158.03582746553462,26.143248061494138,0.9248912084039842,564,558,instagram_high_quality,1080,1080
complex_image_48.jpg,padding_resize,158.37748904818798,26.13386907584786,0.9249857340730493,564,558,instagram_low_quality,1080,1080
complex_image_48.jpg,padding_resize,158.51303943499664,26.130153673631007,0.9249800756598578,564,558,instagram_square,1080,1080
complex_image_48.jpg,padding_resize,156.6296031503936,26.182065133002506,0.9232272776996205,564,558,instagram_landscape,1080,1080
complex_image_49.jpg,simple_resize,0.2478158218043908,54.18951330405807,0.999089328904699,965,970,preprocessing_only,1080,1080
complex_image_49.jpg,simple_resize,4.1320773462956035,41.96911918602373,0.995370330170524,965,970,instagram_standard,1080,1080
complex_image_49.jpg,simple_resize,2.9865886793796625,43.37904946290607,0.9967845623817326,965,970,instagram_high_quality,1080,1080
complex_image_49.jpg,simple_resize,4.845070241974254,41.277802832002834,0.9947154245964931,965,970,instagram_low_quality,1080,1080
complex_image_49.jpg,simple_resize,4.1320773462956035,41.96911918602373,0.995370330170524,965,970,instagram_square,1080,1080
complex_image_49.jpg,simple_resize,14.269775474956822,36.586632210226696,0.9856058454000681,965,970,instagram_landscape,1080,1080
complex_image_49.jpg,padding_resize,0.2400028488506668,54.32863964019716,0.9991051703730489,965,970,preprocessing_only,1080,1080
complex_image_49.jpg,padding_resize,31.11612983636914,33.20094785893169,0.9808219665876106,965,970,instagram_standard,1080,1080
complex_image_49.jpg,padding_resize,30.605260758862595,33.27284276798994,0.9811121926912489,965,970,instagram_high_quality,1080,1080
complex_image_49.jpg,padding_resize,31.27306732190232,33.17909881107363,0.9808003095703067,965,970,instagram_low_quality,1080,1080
complex_image_49.jpg,padding_resize,31.11612983636914,33.20094785893169,0.9808219665876106,965,970,instagram_square,1080,1080
complex_image_49.jpg,padding_resize,33.08383170414686,32.934645579439355,0.979638908185039,965,970,instagram_landscape,1080,1080
complex_image_5.jpg,simple_resize,0.4528015332251476,51.57172472126534,0.9990939916582919,849,683,preprocessing_only,1080,1080
complex_image_5.jpg,simple_resize,4.2104580303184465,41.887510181866844,0.9968574815533627,849,683,instagram_standard,1080,1080
complex_image_5.jpg,simple_resize,2.8864457999276847,43.52716953896702,0.997824515744297,849,683,instagram_high_quality,1080,1080
complex_image_5.jpg,simple_resize,6.562903217461935,39.9598436106507,0.9962708182637883,849,683,instagram_low_quality,1080,1080
complex_image_5.jpg,simple_resize,4.2104580303184465,41.887510181866844,0.9968574815533627,849,683,instagram_square,1080,1080
complex_image_5.jpg,simple_resize,15.378227536084424,36.261740784361365,0.9882723075112757,849,683,instagram_landscape,1080,1080
complex_image_5.jpg,padding_resize,0.4554325963252493,51.54656250053057,0.9990876584455364,849,683,preprocessing_only,1080,1080
complex_image_5.jpg,padding_resize,809.5227744752964,19.048512895082055,0.9341018027266527,849,683,instagram_standard,1080,1080
complex_image_5.jpg,padding_resize,809.9431432840059,19.046258276987473,0.9342767169189644,849,683,instagram_high_quality,1080,1080
complex_image_5.jpg,padding_resize,813.456613326849,19.02745966588548,0.9338840009347928,849,683,instagram_low_quality,1080,1080
complex_image_5.jpg,padding_resize,809.5227744752964,19.048512895082055,0.9341018027266527,849,683,instagram_square,1080,1080
complex_image_5.jpg,padding_resize,797.8473586759262,19.11160549248582,0.9333313524970567,849,683,instagram_landscape,1080,1080
complex_image_50.jpg,simple_resize,0.5423925895868511,50.787666134962265,0.998533615660459,634,964,preprocessing_only,1080,1080
complex_image_50.jpg,simple_resize,4.553536133617812,41.54731573690854,0.9950044434307621,634,964,instagram_standard,1080,1080
complex_image_50.jpg,simple_resize,3.154499958549856,43.1414983483254,0.9964561473002342,634,964,instagram_high_quality,1080,1080
complex_image_50.jpg,simple_resize,5.330040773852376,40.86349829554028,0.994332131620753,634,964,instagram_low_quality,1080,1080
complex_image_50.jpg,simple_resize,4.553536133617812,41.54731573690854,0.9950044434307621,634,964,instagram_square,1080,1080
complex_image_50.jpg,simple_resize,16.27736963929648,36.01496134972822,0.9819471849844604,634,964,instagram_landscape,1080,1080
complex_image_50.jpg,padding_resize,0.5606301076394797,50.644039438072134,0.9984808224810777,634,964,preprocessing_only,1080,1080
complex_image_50.jpg,padding_resize,1115.622733331588,17.655630054532892,0.9219868318619058,634,964,instagram_standard,1080,1080
complex_image_50.jpg,padding_resize,1115.7406082699583,17.655171210073256,0.9218955106718789,634,964,instagram_high_quality,1080,1080
complex_image_50.jpg,padding_resize,1116.7728570275447,17.651155109133335,0.9218874577013284,634,964,instagram_low_quality,1080,1080
complex_image_50.jpg,padding_resize,1115.622733331588,17.655630054532892,0.9219868318619058,634,964,instagram_square,1080,1080
complex_image_50.jpg,padding_resize,1103.1991177664045,17.704264550073464,0.9225955833635648,634,964,instagram_landscape,1080,1080
complex_image_6.jpg,simple_resize,0.8282649785405449,48.949110623583614,0.9986030233726523,781,805,preprocessing_only,1080,1080
complex_image_6.jpg,simple_resize,5.009466548964405,41.13288879945984,0.9962840508597482,781,805,instagram_standard,1080,1080
complex_image_6.jpg,simple_resize,3.6145818256044833,42.550223002712215,0.9972659239120636,781,805,instagram_high_quality,1080,1080
complex_image_6.jpg,simple_resize,6.299198087073163,40.13795095307344,0.9957573864455913,781,805,instagram_low_quality,1080,1080
complex_image_6.jpg,simple_resize,5.009466548964405,41.13288879945984,0.9962840508597482,781,805,instagram_square,1080,1080
complex_image_6.jpg,simple_resize,20.131569389989476,35.09202728510555,0.9851028615464879,781,805,instagram_landscape,1080,1080
complex_image_6.jpg,padding_resize,0.8286848893095066,48.94690941113544,0.9986043357906178,781,805,preprocessing_only,1080,1080
complex_image_6.jpg,padding_resize,273.3585375228976,23.763477185606487,0.9533546155591793,781,805,instagram_standard,1080,1080
complex_image_6.jpg,padding_resize,273.79297020595243,23.75658067690674,0.9535832373915849,781,805,instagram_high_quality,1080,1080
complex_image_6.jpg,padding_resize,274.15560238903777,23.75083235719415,0.9533708140098386,781,805,instagram_low_quality,1080,1080
complex_image_6.jpg,padding_resize,273.3585375228976,23.763477185606487,0.9533546155591793,781,805,instagram_square,1080,1080
complex_image_6.jpg,padding_resize,268.4177703904587,23.842690962895716,0.94965901948673,781,805,instagram_landscape,1080,1080
complex_image_7.jpg,simple_resize,0.9368905604199722,48.41391497601868,0.9986633563638277,910,561,preprocessing_only,1080,1080
complex_image_7.jpg,simple_resize,5.058760846996141,41.09036212252963,0.9965296632069269,910,561,instagram_standard,1080,1080
complex_image_7.jpg,simple_resize,3.5349369584663703,42.64698687808349,0.9975098418148515,910,561,instagram_high_quality,1080,1080
complex_image_7.jpg,simple_resize,5.787490940432117,40.50590036673161,0.9961665325766034,910,561,instagram_low_quality,1080,1080
complex_image_7.jpg,simple_resize,5.058760846996141,41.09036212252963,0.9965296632069269,910,561,instagram_square,1080,1080
complex_image_7.jpg,simple_resize,20.699895529307295,34.97112207254464,0.9875210415149869,910,561,instagram_landscape,1080,1080
complex_image_7.jpg,padding_resize,0.9570527511703982,48.32144484835227,0.9986369011546606,910,561,preprocessing_only,1080,1080
complex_image_7.jpg,padding_resize,1094.4161106866989,17.738978832802157,0.9132732234813898,910,561,instagram_standard,1080,1080
complex_image_7.jpg,padding_resize,1091.513094095447,17.750514108737935,0.9133948384096112,910,561,instagram_high_quality,1080,1080
complex_image_7.jpg,padding_resize,1091.3438039085097,17.751187737817716,0.9133170864760918,910,561,instagram_low_quality,1080,1080
complex_image_7.jpg,padding_resize,1094.4161106866989,17.738978832802157,0.9132732234813898,910,561,instagram_square,1080,1080
complex_image_7.jpg,padding_resize,1075.7342200283376,17.813753767430004,0.9115937021609257,910,561,instagram_landscape,1080,1080
complex_image_8.jpg,simple_resize,0.392651959318626,52.19072591960902,0.9990187669244729,990,777,preprocessing_only,1080,1080
complex_image_8.jpg,simple_resize,5.803238303238303,40.49409956138903,0.9953235711135413,990,777,instagram_standard,1080,1080
complex_image_8.jpg,simple_resize,4.177105677105677,41.92204898194768,0.9967699561899749,990,777,instagram_high_quality,1080,1080
complex_image_8.jpg,simple_resize,6.578876712210046,39.94928613049317,0.994723648207992,990,777,instagram_low_quality,1080,1080
complex_image_8.jpg,simple_resize,5.803238303238303,40.49409956138903,0.9953235711135413,990,777,instagram_square,1080,1080
complex_image_8.jpg,simple_resize,20.609507342840676,34.99012750497868,0.984348095300111,990,777,instagram_landscape,1080,1080
complex_image_8.jpg,padding_resize,0.415366448699782,51.94648947467633,0.9989552743609743,990,777,preprocessing_only,1080,1080
complex_image_8.jpg,padding_resize,859.008359008359,18.790829708975046,0.9330808022535616,990,777,instagram_standard,1080,1080
complex_image_8.jpg,padding_resize,859.298361998362,18.78936376930374,0.9331127674848477,990,777,instagram_high_quality,1080,1080
complex_image_8.jpg,padding_resize,859.4139208472542,18.788779767304277,0.9332972454438926,990,777,instagram_low_quality,1080,1080
complex_image_8.jpg,padding_resize,859.008359008359,18.790829708975046,0.9330808022535616,990,777,instagram_square,1080,1080
complex_image_8.jpg,padding_resize,838.8627341627341,18.89389459243992,0.9325421384924198,990,777,instagram_landscape,1080,1080
complex_image_9.jpg,simple_resize,0.42712546146507385,51.82524899850375,0.9991050550641847,784,656,preprocessing_only,1080,1080
complex_image_9.jpg,simple_resize,4.478176979633317,41.6197910776618,0.9973891617921092,784,656,instagram_standard,1080,1080
complex_image_9.jpg,simple_resize,3.0915625777750124,43.2290231918478,0.9980726911863039,784,656,instagram_high_quality,1080,1080
complex_image_9.jpg,simple_resize,4.967652076074332,41.16929189708309,0.9970801630676233,784,656,instagram_low_quality,1080,1080
complex_image_9.jpg,simple_resize,4.478176979633317,41.6197910776618,0.9973891617921092,784,656,instagram_square,1080,1080
complex_image_9.jpg,simple_resize,18.72430961713954,35.406745470461594,0.9893826473770803,784,656,instagram_landscape,1080,1080
complex_image_9.jpg,padding_resize,0.4298346243985399,51.797789646506786,0.9990955724836754,784,656,preprocessing_only,1080,1080
complex_image_9.jpg,padding_resize,1524.4328535911316,16.299720610330727,0.9156149815618857,784,656,instagram_standard,1080,1080
complex_image_9.jpg,padding_resize,1520.8883150821305,16.309830376265,0.9157726213542138,784,656,instagram_high_quality,1080,1080
complex_image_9.jpg,padding_resize,1523.3962423002738,16.30267480865808,0.9154610194884646,784,656,instagram_low_quality,1080,1080
complex_image_9.jpg,padding_resize,1524.4328535911316,16.299720610330727,0.9156149815618857,784,656,instagram_square,1080,1080
complex_image_9.jpg,padding_resize,1503.5210050864857,16.359708610356776,0.9142118947054704,784,656,instagram_landscape,1080,1080
